timestamp,path_label,target_load_mbps,qos_class,avg_rtt_ms,packet_loss_pct,is_anomaly
2026-08-21T12:22:41,PathA_20ms,121.97,VIP,64.333,0.0,1
2026-08-21T12:22:41,PathA_20ms,121.97,MEDIUM,64.259,0.0,0
2026-08-21T12:22:41,PathA_20ms,121.97,LOW,64.296,0.0,0
2026-08-21T12:22:42,PathA_20ms,121.97,VIP,64.333,0.0,1
2026-08-21T12:22:42,PathA_20ms,121.97,MEDIUM,64.285,0.0,0
2026-08-21T12:22:42,PathA_20ms,121.97,LOW,64.286,0.0,0
2026-08-21T12:22:43,PathA_20ms,121.97,VIP,64.262,0.0,1
2026-08-21T12:22:43,PathA_20ms,121.97,MEDIUM,64.257,0.0,0
2026-08-21T12:22:43,PathA_20ms,121.97,LOW,64.248,0.0,0
2026-08-21T12:22:44,PathA_20ms,121.97,VIP,64.234,0.0,1
2026-08-21T12:22:44,PathA_20ms,121.97,MEDIUM,64.23,0.0,0
2026-08-21T12:22:44,PathA_20ms,121.97,LOW,64.235,0.0,0
2026-08-21T12:22:45,PathA_20ms,137.13,VIP,64.174,0.0,1
2026-08-21T12:22:45,PathA_20ms,137.13,MEDIUM,64.166,0.0,0
2026-08-21T12:22:45,PathA_20ms,137.13,LOW,64.201,0.0,0
2026-08-21T12:22:46,PathA_20ms,137.13,VIP,64.255,0.0,1
2026-08-21T12:22:46,PathA_20ms,137.13,MEDIUM,64.215,0.0,0
2026-08-21T12:22:46,PathA_20ms,137.13,LOW,64.183,0.0,0
2026-08-21T12:22:47,PathA_20ms,137.13,VIP,64.202,0.0,1
2026-08-21T12:22:47,PathA_20ms,137.13,MEDIUM,64.228,0.0,0
2026-08-21T12:22:47,PathA_20ms,137.13,LOW,64.205,0.0,0
2026-08-21T12:22:48,PathA_20ms,137.13,VIP,64.204,0.0,1
2026-08-21T12:22:48,PathA_20ms,137.13,MEDIUM,64.274,0.0,0
2026-08-21T12:22:48,PathA_20ms,137.13,LOW,64.264,0.0,0
2026-08-21T12:22:49,PathA_20ms,137.13,VIP,64.2,0.0,1
2026-08-21T12:22:49,PathA_20ms,137.13,MEDIUM,64.289,0.0,0
2026-08-21T12:22:49,PathA_20ms,137.13,LOW,64.215,0.0,0
2026-08-21T12:22:49,PathA_20ms,137.13,VIP,64.255,0.0,1
2026-08-21T12:22:49,PathA_20ms,137.13,MEDIUM,64.36,0.0,0
2026-08-21T12:22:49,PathA_20ms,137.13,LOW,64.275,0.0,0
2026-08-21T12:22:50,PathA_20ms,138.17,VIP,64.294,0.0,1
2026-08-21T12:22:50,PathA_20ms,138.17,MEDIUM,64.245,0.0,0
2026-08-21T12:22:50,PathA_20ms,138.17,LOW,64.264,0.0,0
2026-08-21T12:22:51,PathA_20ms,144.68,VIP,64.242,0.0,1
2026-08-21T12:22:51,PathA_20ms,144.68,MEDIUM,64.248,0.0,0
2026-08-21T12:22:51,PathA_20ms,144.68,LOW,64.244,0.0,0
2026-08-21T12:22:52,PathA_20ms,145.47,VIP,64.864,0.0,1
2026-08-21T12:22:52,PathA_20ms,145.47,MEDIUM,64.646,0.0,0
2026-08-21T12:22:52,PathA_20ms,145.47,LOW,64.663,0.0,0
2026-08-21T12:22:53,PathA_20ms,145.47,VIP,64.272,0.0,1
2026-08-21T12:22:53,PathA_20ms,145.47,MEDIUM,64.242,0.0,0
2026-08-21T12:22:53,PathA_20ms,145.47,LOW,64.261,0.0,0
2026-08-21T12:22:54,PathA_20ms,142.26,VIP,64.535,0.0,1
2026-08-21T12:22:54,PathA_20ms,142.26,MEDIUM,64.327,0.0,0
2026-08-21T12:22:54,PathA_20ms,142.26,LOW,64.595,0.0,0
2026-08-21T12:22:55,PathA_20ms,121.44,VIP,64.276,0.0,1
2026-08-21T12:22:55,PathA_20ms,121.44,MEDIUM,64.272,0.0,0
2026-08-21T12:22:55,PathA_20ms,121.44,LOW,64.253,0.0,0
2026-08-21T12:22:56,PathA_20ms,121.44,VIP,64.236,0.0,1
2026-08-21T12:22:56,PathA_20ms,121.44,MEDIUM,64.245,0.0,0
2026-08-21T12:22:56,PathA_20ms,121.44,LOW,64.303,0.0,0
2026-08-21T12:22:57,PathA_20ms,119.1,VIP,64.246,0.0,1
2026-08-21T12:22:57,PathA_20ms,119.1,MEDIUM,64.233,0.0,0
2026-08-21T12:22:57,PathA_20ms,119.1,LOW,64.202,0.0,0
2026-08-21T12:22:58,PathA_20ms,119.1,VIP,64.241,0.0,1
2026-08-21T12:22:58,PathA_20ms,119.1,MEDIUM,64.229,0.0,0
2026-08-21T12:22:58,PathA_20ms,119.1,LOW,64.227,0.0,0
2026-08-21T12:22:59,PathA_20ms,119.1,VIP,64.231,0.0,1
2026-08-21T12:22:59,PathA_20ms,119.1,MEDIUM,64.222,0.0,0
2026-08-21T12:22:59,PathA_20ms,119.1,LOW,64.245,0.0,0
2026-08-21T12:23:00,PathA_20ms,139.92,VIP,64.233,0.0,1
2026-08-21T12:23:00,PathA_20ms,139.92,MEDIUM,64.257,0.0,0
2026-08-21T12:23:00,PathA_20ms,139.92,LOW,64.232,0.0,0
2026-08-21T12:23:01,PathA_20ms,139.92,VIP,64.572,0.0,1
2026-08-21T12:23:01,PathA_20ms,139.92,MEDIUM,64.664,0.0,0
2026-08-21T12:23:01,PathA_20ms,139.92,LOW,64.61,0.0,0
2026-08-21T12:23:02,PathA_20ms,139.92,VIP,64.239,0.0,1
2026-08-21T12:23:02,PathA_20ms,139.92,MEDIUM,64.245,0.0,0
2026-08-21T12:23:02,PathA_20ms,139.92,LOW,64.245,0.0,0
2026-08-21T12:23:03,PathA_20ms,146.39,VIP,64.211,0.0,1
2026-08-21T12:23:03,PathA_20ms,146.39,MEDIUM,64.239,0.0,0
2026-08-21T12:23:03,PathA_20ms,146.39,LOW,64.266,0.0,0
2026-08-21T12:23:03,PathA_20ms,146.39,VIP,64.662,0.0,1
2026-08-21T12:23:03,PathA_20ms,146.39,MEDIUM,64.68,0.0,0
2026-08-21T12:23:03,PathA_20ms,146.39,LOW,64.674,0.0,0
2026-08-21T12:23:04,PathA_20ms,146.39,VIP,64.237,0.0,1
2026-08-21T12:23:04,PathA_20ms,146.39,MEDIUM,64.216,0.0,0
2026-08-21T12:23:04,PathA_20ms,146.39,LOW,64.205,0.0,0
2026-08-21T12:23:05,PathA_20ms,109.75,VIP,64.163,0.0,1
2026-08-21T12:23:05,PathA_20ms,109.75,MEDIUM,64.191,0.0,0
2026-08-21T12:23:05,PathA_20ms,109.75,LOW,64.2,0.0,0
2026-08-21T12:23:06,PathA_20ms,120.97,VIP,64.209,0.0,1
2026-08-21T12:23:06,PathA_20ms,120.97,MEDIUM,64.21,0.0,0
2026-08-21T12:23:06,PathA_20ms,120.97,LOW,64.208,0.0,0
2026-08-21T12:23:07,PathA_20ms,120.97,VIP,64.226,0.0,1
2026-08-21T12:23:07,PathA_20ms,120.97,MEDIUM,64.216,0.0,0
2026-08-21T12:23:07,PathA_20ms,120.97,LOW,64.241,0.0,0
2026-08-21T12:23:08,PathA_20ms,120.97,VIP,64.21,0.0,1
2026-08-21T12:23:08,PathA_20ms,120.97,MEDIUM,64.215,0.0,0
2026-08-21T12:23:08,PathA_20ms,120.97,LOW,64.234,0.0,0
2026-08-21T12:23:09,PathA_20ms,120.97,VIP,64.314,0.0,1
2026-08-21T12:23:09,PathA_20ms,120.97,MEDIUM,64.219,0.0,0
2026-08-21T12:23:09,PathA_20ms,120.97,LOW,64.309,0.0,0
2026-08-21T12:23:10,PathA_20ms,123.86,VIP,64.212,0.0,1
2026-08-21T12:23:10,PathA_20ms,123.86,MEDIUM,64.197,0.0,0
2026-08-21T12:23:10,PathA_20ms,123.86,LOW,64.207,0.0,0
2026-08-21T12:23:11,PathA_20ms,123.86,VIP,64.406,0.0,1
2026-08-21T12:23:11,PathA_20ms,123.86,MEDIUM,64.424,0.0,0
2026-08-21T12:23:11,PathA_20ms,123.86,LOW,64.464,0.0,0
2026-08-21T12:23:12,PathA_20ms,118.1,VIP,64.19,0.0,1
2026-08-21T12:23:12,PathA_20ms,118.1,MEDIUM,64.222,0.0,0
2026-08-21T12:23:12,PathA_20ms,118.1,LOW,64.221,0.0,0
2026-08-21T12:23:13,PathA_20ms,142.17,VIP,64.247,0.0,1
2026-08-21T12:23:13,PathA_20ms,142.17,MEDIUM,64.234,0.0,0
2026-08-21T12:23:13,PathA_20ms,142.17,LOW,64.243,0.0,0
2026-08-21T12:23:14,PathA_20ms,142.17,VIP,64.21,0.0,1
2026-08-21T12:23:14,PathA_20ms,142.17,MEDIUM,64.196,0.0,0
2026-08-21T12:23:14,PathA_20ms,142.17,LOW,64.23,0.0,0
2026-08-21T12:23:15,PathA_20ms,142.17,VIP,64.268,0.0,1
2026-08-21T12:23:15,PathA_20ms,142.17,MEDIUM,64.25,0.0,0
2026-08-21T12:23:15,PathA_20ms,142.17,LOW,64.209,0.0,0
2026-08-21T12:23:16,PathA_20ms,142.17,VIP,64.905,0.0,1
2026-08-21T12:23:16,PathA_20ms,142.17,MEDIUM,64.922,0.0,0
2026-08-21T12:23:16,PathA_20ms,142.17,LOW,64.873,0.0,0
2026-08-21T12:23:17,PathA_20ms,153.64,VIP,64.239,0.0,1
2026-08-21T12:23:17,PathA_20ms,153.64,MEDIUM,64.256,0.0,0
2026-08-21T12:23:17,PathA_20ms,153.64,LOW,64.255,0.0,0
2026-08-21T12:23:17,PathA_20ms,141.5,VIP,64.2,0.0,1
2026-08-21T12:23:17,PathA_20ms,141.5,MEDIUM,64.278,0.0,0
2026-08-21T12:23:17,PathA_20ms,141.5,LOW,64.201,0.0,0
2026-08-21T12:23:18,PathA_20ms,141.5,VIP,64.239,0.0,1
2026-08-21T12:23:18,PathA_20ms,141.5,MEDIUM,64.22,0.0,0
2026-08-21T12:23:18,PathA_20ms,141.5,LOW,64.266,0.0,0
2026-08-21T12:23:19,PathA_20ms,141.5,VIP,64.266,0.0,1
2026-08-21T12:23:19,PathA_20ms,141.5,MEDIUM,64.264,0.0,0
2026-08-21T12:23:19,PathA_20ms,141.5,LOW,64.247,0.0,0
2026-08-21T12:23:20,PathA_20ms,141.5,VIP,64.229,0.0,1
2026-08-21T12:23:20,PathA_20ms,141.5,MEDIUM,64.219,0.0,0
2026-08-21T12:23:20,PathA_20ms,141.5,LOW,64.185,0.0,0
2026-08-21T12:23:21,PathA_20ms,154.25,VIP,64.221,0.0,1
2026-08-21T12:23:21,PathA_20ms,154.25,MEDIUM,64.191,0.0,0
2026-08-21T12:23:21,PathA_20ms,154.25,LOW,64.213,0.0,0
2026-08-21T12:23:22,PathA_20ms,153.56,VIP,64.196,0.0,1
2026-08-21T12:23:22,PathA_20ms,153.56,MEDIUM,64.263,0.0,0
2026-08-21T12:23:22,PathA_20ms,153.56,LOW,64.281,0.0,0
2026-08-21T12:23:23,PathA_20ms,153.56,VIP,64.234,0.0,1
2026-08-21T12:23:23,PathA_20ms,153.56,MEDIUM,64.256,0.0,0
2026-08-21T12:23:23,PathA_20ms,153.56,LOW,64.207,0.0,0
2026-08-21T12:23:24,PathA_20ms,153.56,VIP,64.248,0.0,1
2026-08-21T12:23:24,PathA_20ms,153.56,MEDIUM,64.212,0.0,0
2026-08-21T12:23:24,PathA_20ms,153.56,LOW,64.254,0.0,0
2026-08-21T12:23:25,PathA_20ms,153.56,VIP,64.226,0.0,1
2026-08-21T12:23:25,PathA_20ms,153.56,MEDIUM,64.191,0.0,0
2026-08-21T12:23:25,PathA_20ms,153.56,LOW,64.227,0.0,0
2026-08-21T12:23:26,PathA_20ms,128.33,VIP,64.22,0.0,1
2026-08-21T12:23:26,PathA_20ms,128.33,MEDIUM,64.22,0.0,0
2026-08-21T12:23:26,PathA_20ms,128.33,LOW,64.216,0.0,0
2026-08-21T12:23:27,PathA_20ms,128.33,VIP,64.208,0.0,1
2026-08-21T12:23:27,PathA_20ms,128.33,MEDIUM,64.196,0.0,0
2026-08-21T12:23:27,PathA_20ms,128.33,LOW,64.234,0.0,0
2026-08-21T12:23:28,PathA_20ms,128.33,VIP,64.233,0.0,1
2026-08-21T12:23:28,PathA_20ms,128.33,MEDIUM,64.231,0.0,0
2026-08-21T12:23:28,PathA_20ms,128.33,LOW,64.263,0.0,0
2026-08-21T12:23:29,PathA_20ms,140.81,VIP,64.2,0.0,1
2026-08-21T12:23:29,PathA_20ms,140.81,MEDIUM,64.18,0.0,0
2026-08-21T12:23:29,PathA_20ms,140.81,LOW,64.177,0.0,0
2026-08-21T12:23:30,PathA_20ms,140.81,VIP,64.237,0.0,1
2026-08-21T12:23:30,PathA_20ms,140.81,MEDIUM,64.282,0.0,0
2026-08-21T12:23:30,PathA_20ms,140.81,LOW,64.265,0.0,0
2026-08-21T12:23:30,PathA_20ms,140.81,VIP,64.489,0.0,1
2026-08-21T12:23:30,PathA_20ms,140.81,MEDIUM,64.478,0.0,0
2026-08-21T12:23:30,PathA_20ms,140.81,LOW,64.621,0.0,0
2026-08-21T12:23:31,PathA_20ms,134.15,VIP,64.851,0.0,1
2026-08-21T12:23:31,PathA_20ms,134.15,MEDIUM,64.806,0.0,0
2026-08-21T12:23:31,PathA_20ms,134.15,LOW,64.78,0.0,0
2026-08-21T12:23:32,PathA_20ms,134.15,VIP,64.237,0.0,1
2026-08-21T12:23:32,PathA_20ms,134.15,MEDIUM,64.243,0.0,0
2026-08-21T12:23:32,PathA_20ms,134.15,LOW,64.246,0.0,0
2026-08-21T12:23:33,PathA_20ms,129.24,VIP,64.261,0.0,1
2026-08-21T12:23:33,PathA_20ms,129.24,MEDIUM,64.216,0.0,0
2026-08-21T12:23:33,PathA_20ms,129.24,LOW,64.268,0.0,0
2026-08-21T12:23:34,PathA_20ms,133.49,VIP,64.301,0.0,1
2026-08-21T12:23:34,PathA_20ms,133.49,MEDIUM,64.339,0.0,0
2026-08-21T12:23:34,PathA_20ms,133.49,LOW,64.337,0.0,0
2026-08-21T12:23:35,PathA_20ms,133.49,VIP,64.289,0.0,1
2026-08-21T12:23:35,PathA_20ms,133.49,MEDIUM,64.346,0.0,0
2026-08-21T12:23:35,PathA_20ms,133.49,LOW,64.98,0.0,0
2026-08-21T12:23:36,PathA_20ms,133.49,VIP,64.231,0.0,1
2026-08-21T12:23:36,PathA_20ms,133.49,MEDIUM,64.268,0.0,0
2026-08-21T12:23:36,PathA_20ms,133.49,LOW,64.257,0.0,0
2026-08-21T12:23:37,PathA_20ms,133.49,VIP,64.209,0.0,1
2026-08-21T12:23:37,PathA_20ms,133.49,MEDIUM,64.219,0.0,0
2026-08-21T12:23:37,PathA_20ms,133.49,LOW,64.229,0.0,0
2026-08-21T12:23:38,PathA_20ms,133.49,VIP,64.278,0.0,1
2026-08-21T12:23:38,PathA_20ms,133.49,MEDIUM,64.216,0.0,0
2026-08-21T12:23:38,PathA_20ms,133.49,LOW,64.246,0.0,0
2026-08-21T12:23:39,PathA_20ms,145.03,VIP,64.314,0.0,1
2026-08-21T12:23:39,PathA_20ms,145.03,MEDIUM,64.315,0.0,0
2026-08-21T12:23:39,PathA_20ms,145.03,LOW,64.289,0.0,0
2026-08-21T12:23:40,PathA_20ms,145.03,VIP,64.21,0.0,1
2026-08-21T12:23:40,PathA_20ms,145.03,MEDIUM,64.245,0.0,0
2026-08-21T12:23:40,PathA_20ms,145.03,LOW,64.233,0.0,0
2026-08-21T12:23:41,PathA_20ms,145.03,VIP,64.209,0.0,1
2026-08-21T12:23:41,PathA_20ms,145.03,MEDIUM,64.231,0.0,0
2026-08-21T12:23:41,PathA_20ms,145.03,LOW,64.218,0.0,0
2026-08-21T12:23:42,PathA_20ms,152.32,VIP,64.226,0.0,1
2026-08-21T12:23:42,PathA_20ms,152.32,MEDIUM,64.219,0.0,0
2026-08-21T12:23:42,PathA_20ms,152.32,LOW,64.258,0.0,0
2026-08-21T12:23:43,PathA_20ms,152.32,VIP,64.268,0.0,1
2026-08-21T12:23:43,PathA_20ms,152.32,MEDIUM,64.262,0.0,0
2026-08-21T12:23:43,PathA_20ms,152.32,LOW,64.299,0.0,0
2026-08-21T12:23:44,PathA_20ms,145.55,VIP,64.254,0.0,1
2026-08-21T12:23:44,PathA_20ms,145.55,MEDIUM,64.228,0.0,0
2026-08-21T12:23:44,PathA_20ms,145.55,LOW,64.241,0.0,0
2026-08-21T12:23:44,PathA_20ms,145.55,VIP,64.219,0.0,1
2026-08-21T12:23:44,PathA_20ms,145.55,MEDIUM,64.283,0.0,0
2026-08-21T12:23:44,PathA_20ms,145.55,LOW,64.272,0.0,0
2026-08-21T12:23:45,PathA_20ms,145.55,VIP,64.221,0.0,1
2026-08-21T12:23:45,PathA_20ms,145.55,MEDIUM,64.237,0.0,0
2026-08-21T12:23:45,PathA_20ms,145.55,LOW,64.222,0.0,0
2026-08-21T12:23:46,PathA_20ms,145.55,VIP,64.211,0.0,1
2026-08-21T12:23:46,PathA_20ms,145.55,MEDIUM,64.258,0.0,0
2026-08-21T12:23:46,PathA_20ms,145.55,LOW,64.253,0.0,0
2026-08-21T12:23:47,PathA_20ms,144.31,VIP,64.239,0.0,1
2026-08-21T12:23:47,PathA_20ms,144.31,MEDIUM,64.278,0.0,0
2026-08-21T12:23:47,PathA_20ms,144.31,LOW,64.272,0.0,0
2026-08-21T12:23:48,PathA_20ms,144.31,VIP,64.257,0.0,1
2026-08-21T12:23:48,PathA_20ms,144.31,MEDIUM,64.233,0.0,0
2026-08-21T12:23:48,PathA_20ms,144.31,LOW,64.213,0.0,0
2026-08-21T12:23:49,PathA_20ms,144.31,VIP,64.271,0.0,1
2026-08-21T12:23:49,PathA_20ms,144.31,MEDIUM,64.246,0.0,0
2026-08-21T12:23:49,PathA_20ms,144.31,LOW,64.205,0.0,0
2026-08-21T12:23:50,PathA_20ms,144.31,VIP,64.234,0.0,1
2026-08-21T12:23:50,PathA_20ms,144.31,MEDIUM,64.28,0.0,0
2026-08-21T12:23:50,PathA_20ms,144.31,LOW,64.249,0.0,0
2026-08-21T12:23:51,PathA_20ms,132.46,VIP,64.771,0.0,1
2026-08-21T12:23:51,PathA_20ms,132.46,MEDIUM,64.741,0.0,0
2026-08-21T12:23:51,PathA_20ms,132.46,LOW,64.764,0.0,0
2026-08-21T12:23:52,PathA_20ms,144.1,VIP,64.44,0.0,1
2026-08-21T12:23:52,PathA_20ms,144.1,MEDIUM,64.393,0.0,0
2026-08-21T12:23:52,PathA_20ms,144.1,LOW,64.404,0.0,0
2026-08-21T12:23:53,PathA_20ms,144.1,VIP,64.218,0.0,1
2026-08-21T12:23:53,PathA_20ms,144.1,MEDIUM,64.288,0.0,0
2026-08-21T12:23:53,PathA_20ms,144.1,LOW,64.287,0.0,0
2026-08-21T12:23:54,PathA_20ms,144.1,VIP,64.262,0.0,1
2026-08-21T12:23:54,PathA_20ms,144.1,MEDIUM,64.245,0.0,0
2026-08-21T12:23:54,PathA_20ms,144.1,LOW,64.228,0.0,0
2026-08-21T12:23:55,PathA_20ms,144.1,VIP,64.247,0.0,1
2026-08-21T12:23:55,PathA_20ms,144.1,MEDIUM,64.235,0.0,0
2026-08-21T12:23:55,PathA_20ms,144.1,LOW,64.266,0.0,0
2026-08-21T12:23:56,PathA_20ms,138.39,VIP,64.259,0.0,1
2026-08-21T12:23:56,PathA_20ms,138.39,MEDIUM,64.322,0.0,0
2026-08-21T12:23:56,PathA_20ms,138.39,LOW,64.286,0.0,0
2026-08-21T12:23:57,PathA_20ms,138.39,VIP,64.199,0.0,1
2026-08-21T12:23:57,PathA_20ms,138.39,MEDIUM,64.212,0.0,0
2026-08-21T12:23:57,PathA_20ms,138.39,LOW,64.258,0.0,0
2026-08-21T12:23:58,PathA_20ms,133.21,VIP,64.25,0.0,1
2026-08-21T12:23:58,PathA_20ms,133.21,MEDIUM,64.281,0.0,0
2026-08-21T12:23:58,PathA_20ms,133.21,LOW,64.28,0.0,0
2026-08-21T12:23:58,PathA_20ms,133.21,VIP,64.306,0.0,1
2026-08-21T12:23:58,PathA_20ms,133.21,MEDIUM,64.256,0.0,0
2026-08-21T12:23:58,PathA_20ms,133.21,LOW,64.261,0.0,0
2026-08-21T12:23:59,PathA_20ms,133.21,VIP,64.233,0.0,1
2026-08-21T12:23:59,PathA_20ms,133.21,MEDIUM,64.224,0.0,0
2026-08-21T12:23:59,PathA_20ms,133.21,LOW,64.244,0.0,0
2026-08-21T12:24:00,PathA_20ms,146.67,VIP,64.238,0.0,1
2026-08-21T12:24:00,PathA_20ms,146.67,MEDIUM,64.22,0.0,0
2026-08-21T12:24:00,PathA_20ms,146.67,LOW,64.23,0.0,0
2026-08-21T12:24:01,PathA_20ms,145.74,VIP,64.22,0.0,1
2026-08-21T12:24:01,PathA_20ms,145.74,MEDIUM,64.197,0.0,0
2026-08-21T12:24:01,PathA_20ms,145.74,LOW,64.232,0.0,0
2026-08-21T12:24:02,PathA_20ms,145.74,VIP,64.214,0.0,1
2026-08-21T12:24:02,PathA_20ms,145.74,MEDIUM,64.223,0.0,0
2026-08-21T12:24:02,PathA_20ms,145.74,LOW,64.224,0.0,0
2026-08-21T12:24:03,PathA_20ms,145.74,VIP,64.175,0.0,1
2026-08-21T12:24:03,PathA_20ms,145.74,MEDIUM,64.223,0.0,0
2026-08-21T12:24:03,PathA_20ms,145.74,LOW,64.191,0.0,0
2026-08-21T12:24:04,PathA_20ms,145.74,VIP,64.245,0.0,1
2026-08-21T12:24:04,PathA_20ms,145.74,MEDIUM,64.192,0.0,0
2026-08-21T12:24:04,PathA_20ms,145.74,LOW,64.259,0.0,0
2026-08-21T12:24:05,PathA_20ms,145.74,VIP,64.239,0.0,1
2026-08-21T12:24:05,PathA_20ms,145.74,MEDIUM,64.223,0.0,0
2026-08-21T12:24:05,PathA_20ms,145.74,LOW,64.282,0.0,0
2026-08-21T12:24:06,PathA_20ms,149.84,VIP,64.211,0.0,1
2026-08-21T12:24:06,PathA_20ms,149.84,MEDIUM,64.223,0.0,0
2026-08-21T12:24:06,PathA_20ms,149.84,LOW,64.202,0.0,0
2026-08-21T12:24:07,PathA_20ms,149.84,VIP,64.588,0.0,1
2026-08-21T12:24:07,PathA_20ms,149.84,MEDIUM,64.519,0.0,0
2026-08-21T12:24:07,PathA_20ms,149.84,LOW,64.547,0.0,0
2026-08-21T12:24:08,PathA_20ms,142.05,VIP,64.31,0.0,1
2026-08-21T12:24:08,PathA_20ms,142.05,MEDIUM,64.315,0.0,0
2026-08-21T12:24:08,PathA_20ms,142.05,LOW,64.255,0.0,0
2026-08-21T12:24:09,PathA_20ms,142.05,VIP,64.232,0.0,1
2026-08-21T12:24:09,PathA_20ms,142.05,MEDIUM,64.265,0.0,0
2026-08-21T12:24:09,PathA_20ms,142.05,LOW,64.226,0.0,0
2026-08-21T12:24:10,PathA_20ms,142.05,VIP,64.206,0.0,1
2026-08-21T12:24:10,PathA_20ms,142.05,MEDIUM,64.234,0.0,0
2026-08-21T12:24:10,PathA_20ms,142.05,LOW,64.237,0.0,0
2026-08-21T12:24:11,PathA_20ms,134.26,VIP,64.216,0.0,1
2026-08-21T12:24:11,PathA_20ms,134.26,MEDIUM,64.273,0.0,0
2026-08-21T12:24:11,PathA_20ms,134.26,LOW,64.304,0.0,0
2026-08-21T12:24:12,PathA_20ms,134.26,VIP,64.184,0.0,1
2026-08-21T12:24:12,PathA_20ms,134.26,MEDIUM,64.222,0.0,0
2026-08-21T12:24:12,PathA_20ms,134.26,LOW,64.194,0.0,0
2026-08-21T12:24:12,PathA_20ms,134.26,VIP,64.193,0.0,1
2026-08-21T12:24:12,PathA_20ms,134.26,MEDIUM,64.225,0.0,0
2026-08-21T12:24:12,PathA_20ms,134.26,LOW,64.218,0.0,0
2026-08-21T12:24:13,PathA_20ms,134.26,VIP,64.289,0.0,1
2026-08-21T12:24:13,PathA_20ms,134.26,MEDIUM,64.244,0.0,0
2026-08-21T12:24:13,PathA_20ms,134.26,LOW,64.286,0.0,0
2026-08-21T12:24:14,PathA_20ms,144.6,VIP,64.212,0.0,1
2026-08-21T12:24:14,PathA_20ms,144.6,MEDIUM,64.237,0.0,0
2026-08-21T12:24:14,PathA_20ms,144.6,LOW,64.262,0.0,0
2026-08-21T12:24:15,PathA_20ms,156.82,VIP,64.224,0.0,1
2026-08-21T12:24:15,PathA_20ms,156.82,MEDIUM,64.261,0.0,0
2026-08-21T12:24:15,PathA_20ms,156.82,LOW,64.276,0.0,0
2026-08-21T12:24:16,PathA_20ms,156.82,VIP,64.271,0.0,1
2026-08-21T12:24:16,PathA_20ms,156.82,MEDIUM,64.266,0.0,0
2026-08-21T12:24:16,PathA_20ms,156.82,LOW,64.251,0.0,0
2026-08-21T12:24:17,PathA_20ms,156.82,VIP,64.252,0.0,1
2026-08-21T12:24:17,PathA_20ms,156.82,MEDIUM,64.227,0.0,0
2026-08-21T12:24:17,PathA_20ms,156.82,LOW,64.231,0.0,0
2026-08-21T12:24:18,PathA_20ms,156.82,VIP,64.203,0.0,1
2026-08-21T12:24:18,PathA_20ms,156.82,MEDIUM,64.232,0.0,0
2026-08-21T12:24:18,PathA_20ms,156.82,LOW,64.243,0.0,0
2026-08-21T12:24:19,PathA_20ms,151.97,VIP,64.227,0.0,1
2026-08-21T12:24:19,PathA_20ms,151.97,MEDIUM,64.204,0.0,0
2026-08-21T12:24:19,PathA_20ms,151.97,LOW,64.23,0.0,0
2026-08-21T12:24:20,PathA_20ms,139.28,VIP,64.357,0.0,1
2026-08-21T12:24:20,PathA_20ms,139.28,MEDIUM,64.19,0.0,0
2026-08-21T12:24:20,PathA_20ms,139.28,LOW,64.278,0.0,0
2026-08-21T12:24:21,PathA_20ms,139.28,VIP,64.228,0.0,1
2026-08-21T12:24:21,PathA_20ms,139.28,MEDIUM,64.176,0.0,0
2026-08-21T12:24:21,PathA_20ms,139.28,LOW,64.218,0.0,0
2026-08-21T12:24:22,PathA_20ms,122.47,VIP,64.218,0.0,1
2026-08-21T12:24:22,PathA_20ms,122.47,MEDIUM,64.219,0.0,0
2026-08-21T12:24:22,PathA_20ms,122.47,LOW,64.234,0.0,0
2026-08-21T12:24:23,PathA_20ms,122.47,VIP,64.22,0.0,1
2026-08-21T12:24:23,PathA_20ms,122.47,MEDIUM,64.276,0.0,0
2026-08-21T12:24:23,PathA_20ms,122.47,LOW,64.275,0.0,0
2026-08-21T12:24:24,PathA_20ms,122.47,VIP,64.229,0.0,1
2026-08-21T12:24:24,PathA_20ms,122.47,MEDIUM,64.268,0.0,0
2026-08-21T12:24:24,PathA_20ms,122.47,LOW,64.298,0.0,0
2026-08-21T12:24:25,PathA_20ms,122.47,VIP,64.254,0.0,1
2026-08-21T12:24:25,PathA_20ms,122.47,MEDIUM,64.267,0.0,0
2026-08-21T12:24:25,PathA_20ms,122.47,LOW,64.256,0.0,0
2026-08-21T12:24:26,PathA_20ms,122.47,VIP,64.181,0.0,1
2026-08-21T12:24:26,PathA_20ms,122.47,MEDIUM,64.237,0.0,0
2026-08-21T12:24:26,PathA_20ms,122.47,LOW,64.212,0.0,0
2026-08-21T12:24:26,PathA_20ms,148.09,VIP,64.265,0.0,1
2026-08-21T12:24:26,PathA_20ms,148.09,MEDIUM,64.251,0.0,0
2026-08-21T12:24:26,PathA_20ms,148.09,LOW,64.246,0.0,0
2026-08-21T12:24:27,PathA_20ms,148.09,VIP,64.297,0.0,1
2026-08-21T12:24:27,PathA_20ms,148.09,MEDIUM,64.238,0.0,0
2026-08-21T12:24:27,PathA_20ms,148.09,LOW,64.192,0.0,0
2026-08-21T12:24:28,PathA_20ms,148.09,VIP,64.212,0.0,1
2026-08-21T12:24:28,PathA_20ms,148.09,MEDIUM,64.183,0.0,0
2026-08-21T12:24:28,PathA_20ms,148.09,LOW,64.22,0.0,0
2026-08-21T12:24:29,PathA_20ms,148.09,VIP,64.188,0.0,1
2026-08-21T12:24:29,PathA_20ms,148.09,MEDIUM,64.255,0.0,0
2026-08-21T12:24:29,PathA_20ms,148.09,LOW,64.236,0.0,0
2026-08-21T12:24:30,PathA_20ms,148.52,VIP,64.367,0.0,1
2026-08-21T12:24:30,PathA_20ms,148.52,MEDIUM,64.278,0.0,0
2026-08-21T12:24:30,PathA_20ms,148.52,LOW,64.359,0.0,0
2026-08-21T12:24:31,PathA_20ms,138.38,VIP,64.639,0.0,1
2026-08-21T12:24:31,PathA_20ms,138.38,MEDIUM,64.727,0.0,0
2026-08-21T12:24:31,PathA_20ms,138.38,LOW,64.717,0.0,0
2026-08-21T12:24:32,PathA_20ms,138.38,VIP,64.225,0.0,1
2026-08-21T12:24:32,PathA_20ms,138.38,MEDIUM,64.257,0.0,0
2026-08-21T12:24:32,PathA_20ms,138.38,LOW,64.247,0.0,0
2026-08-21T12:24:33,PathA_20ms,138.08,VIP,64.203,0.0,1
2026-08-21T12:24:33,PathA_20ms,138.08,MEDIUM,64.174,0.0,0
2026-08-21T12:24:33,PathA_20ms,138.08,LOW,64.205,0.0,0
2026-08-21T12:24:34,PathA_20ms,138.08,VIP,64.246,0.0,1
2026-08-21T12:24:34,PathA_20ms,138.08,MEDIUM,64.238,0.0,0
2026-08-21T12:24:34,PathA_20ms,138.08,LOW,64.212,0.0,0
2026-08-21T12:24:35,PathA_20ms,138.08,VIP,64.234,0.0,1
2026-08-21T12:24:35,PathA_20ms,138.08,MEDIUM,64.274,0.0,0
2026-08-21T12:24:35,PathA_20ms,138.08,LOW,64.199,0.0,0
2026-08-21T12:24:36,PathA_20ms,138.08,VIP,64.249,0.0,1
2026-08-21T12:24:36,PathA_20ms,138.08,MEDIUM,64.193,0.0,0
2026-08-21T12:24:36,PathA_20ms,138.08,LOW,64.226,0.0,0
2026-08-21T12:24:37,PathA_20ms,137.59,VIP,64.23,0.0,1
2026-08-21T12:24:37,PathA_20ms,137.59,MEDIUM,64.182,0.0,0
2026-08-21T12:24:37,PathA_20ms,137.59,LOW,64.195,0.0,0
2026-08-21T12:24:38,PathA_20ms,132.28,VIP,64.263,0.0,1
2026-08-21T12:24:38,PathA_20ms,132.28,MEDIUM,64.222,0.0,0
2026-08-21T12:24:38,PathA_20ms,132.28,LOW,64.248,0.0,0
2026-08-21T12:24:39,PathA_20ms,132.28,VIP,64.235,0.0,1
2026-08-21T12:24:39,PathA_20ms,132.28,MEDIUM,64.283,0.0,0
2026-08-21T12:24:39,PathA_20ms,132.28,LOW,64.23,0.0,0
2026-08-21T12:24:40,PathA_20ms,132.28,VIP,64.214,0.0,1
2026-08-21T12:24:40,PathA_20ms,132.28,MEDIUM,64.253,0.0,0
2026-08-21T12:24:40,PathA_20ms,132.28,LOW,64.245,0.0,0
2026-08-21T12:24:40,PathA_20ms,132.28,VIP,64.195,0.0,1
2026-08-21T12:24:40,PathA_20ms,132.28,MEDIUM,64.232,0.0,0
2026-08-21T12:24:40,PathA_20ms,132.28,LOW,64.251,0.0,0
2026-08-21T12:24:41,PathA_20ms,134.82,VIP,64.471,0.0,1
2026-08-21T12:24:41,PathA_20ms,134.82,MEDIUM,64.474,0.0,0
2026-08-21T12:24:41,PathA_20ms,134.82,LOW,64.425,0.0,0
2026-08-21T12:24:42,PathA_20ms,134.82,VIP,64.198,0.0,1
2026-08-21T12:24:42,PathA_20ms,134.82,MEDIUM,64.199,0.0,0
2026-08-21T12:24:42,PathA_20ms,134.82,LOW,64.208,0.0,0
2026-08-21T12:24:43,PathA_20ms,136.51,VIP,64.61,0.0,1
2026-08-21T12:24:43,PathA_20ms,136.51,MEDIUM,64.62,0.0,0
2026-08-21T12:24:43,PathA_20ms,136.51,LOW,64.584,0.0,0
2026-08-21T12:24:44,PathA_20ms,136.51,VIP,64.249,0.0,1
2026-08-21T12:24:44,PathA_20ms,136.51,MEDIUM,64.234,0.0,0
2026-08-21T12:24:44,PathA_20ms,136.51,LOW,64.245,0.0,0
2026-08-21T12:24:45,PathA_20ms,136.51,VIP,64.248,0.0,1
2026-08-21T12:24:45,PathA_20ms,136.51,MEDIUM,64.26,0.0,0
2026-08-21T12:24:45,PathA_20ms,136.51,LOW,64.228,0.0,0
2026-08-21T12:24:46,PathA_20ms,126.15,VIP,64.215,0.0,1
2026-08-21T12:24:46,PathA_20ms,126.15,MEDIUM,64.181,0.0,0
2026-08-21T12:24:46,PathA_20ms,126.15,LOW,64.219,0.0,0
2026-08-21T12:24:47,PathA_20ms,126.15,VIP,64.245,0.0,1
2026-08-21T12:24:47,PathA_20ms,126.15,MEDIUM,64.212,0.0,0
2026-08-21T12:24:47,PathA_20ms,126.15,LOW,64.199,0.0,0
2026-08-21T12:24:48,PathA_20ms,141.52,VIP,64.269,0.0,1
2026-08-21T12:24:48,PathA_20ms,141.52,MEDIUM,64.518,0.0,0
2026-08-21T12:24:48,PathA_20ms,141.52,LOW,64.325,0.0,0
2026-08-21T12:24:49,PathA_20ms,147.73,VIP,64.186,0.0,1
2026-08-21T12:24:49,PathA_20ms,147.73,MEDIUM,64.192,0.0,0
2026-08-21T12:24:49,PathA_20ms,147.73,LOW,64.219,0.0,0
2026-08-21T12:24:50,PathA_20ms,138.76,VIP,64.904,0.0,1
2026-08-21T12:24:50,PathA_20ms,138.76,MEDIUM,64.863,0.0,0
2026-08-21T12:24:50,PathA_20ms,138.76,LOW,64.956,0.0,0
2026-08-21T12:24:51,PathA_20ms,138.76,VIP,64.202,0.0,1
2026-08-21T12:24:51,PathA_20ms,138.76,MEDIUM,64.181,0.0,0
2026-08-21T12:24:51,PathA_20ms,138.76,LOW,64.253,0.0,0
2026-08-21T12:24:52,PathA_20ms,138.76,VIP,64.234,0.0,1
2026-08-21T12:24:52,PathA_20ms,138.76,MEDIUM,64.191,0.0,0
2026-08-21T12:24:52,PathA_20ms,138.76,LOW,64.241,0.0,0
2026-08-21T12:24:53,PathA_20ms,152.46,VIP,68.022,0.0,1
2026-08-21T12:24:53,PathA_20ms,152.46,MEDIUM,67.857,0.0,0
2026-08-21T12:24:53,PathA_20ms,152.46,LOW,67.049,0.0,0
2026-08-21T12:24:53,PathA_20ms,152.46,VIP,64.261,0.0,1
2026-08-21T12:24:53,PathA_20ms,152.46,MEDIUM,64.303,0.0,0
2026-08-21T12:24:53,PathA_20ms,152.46,LOW,64.288,0.0,0
2026-08-21T12:24:54,PathA_20ms,147.26,VIP,64.199,0.0,1
2026-08-21T12:24:54,PathA_20ms,147.26,MEDIUM,64.202,0.0,0
2026-08-21T12:24:54,PathA_20ms,147.26,LOW,64.224,0.0,0
2026-08-21T12:24:55,PathA_20ms,147.26,VIP,64.257,0.0,1
2026-08-21T12:24:55,PathA_20ms,147.26,MEDIUM,64.265,0.0,0
2026-08-21T12:24:55,PathA_20ms,147.26,LOW,64.277,0.0,0
2026-08-21T12:24:56,PathA_20ms,147.26,VIP,64.249,0.0,1
2026-08-21T12:24:56,PathA_20ms,147.26,MEDIUM,64.248,0.0,0
2026-08-21T12:24:56,PathA_20ms,147.26,LOW,64.212,0.0,0
2026-08-21T12:24:57,PathA_20ms,155.42,VIP,64.198,0.0,1
2026-08-21T12:24:57,PathA_20ms,155.42,MEDIUM,64.183,0.0,0
2026-08-21T12:24:57,PathA_20ms,155.42,LOW,64.213,0.0,0
2026-08-21T12:24:58,PathA_20ms,155.42,VIP,65.012,0.0,1
2026-08-21T12:24:58,PathA_20ms,155.42,MEDIUM,64.994,0.0,0
2026-08-21T12:24:58,PathA_20ms,155.42,LOW,65.033,0.0,0
2026-08-21T12:24:59,PathA_20ms,155.42,VIP,66.376,0.0,1
2026-08-21T12:24:59,PathA_20ms,155.42,MEDIUM,66.436,0.0,0
2026-08-21T12:24:59,PathA_20ms,155.42,LOW,66.328,0.0,0
2026-08-21T12:25:00,PathA_20ms,155.42,VIP,65.242,0.0,1
2026-08-21T12:25:00,PathA_20ms,155.42,MEDIUM,64.638,0.0,0
2026-08-21T12:25:00,PathA_20ms,155.42,LOW,64.901,0.0,0
2026-08-21T12:25:01,PathA_20ms,155.42,VIP,64.764,0.0,1
2026-08-21T12:25:01,PathA_20ms,155.42,MEDIUM,64.77,0.0,0
2026-08-21T12:25:01,PathA_20ms,155.42,LOW,64.584,0.0,0
2026-08-21T12:25:02,PathA_20ms,164.56,VIP,64.221,0.0,1
2026-08-21T12:25:02,PathA_20ms,164.56,MEDIUM,64.237,0.0,0
2026-08-21T12:25:02,PathA_20ms,164.56,LOW,64.195,0.0,0
2026-08-21T12:25:03,PathA_20ms,164.56,VIP,64.273,0.0,1
2026-08-21T12:25:03,PathA_20ms,164.56,MEDIUM,64.192,0.0,0
2026-08-21T12:25:03,PathA_20ms,164.56,LOW,64.272,0.0,0
2026-08-21T12:25:04,PathA_20ms,164.56,VIP,65.259,0.0,1
2026-08-21T12:25:04,PathA_20ms,164.56,MEDIUM,65.278,0.0,0
2026-08-21T12:25:04,PathA_20ms,164.56,LOW,65.277,0.0,0
2026-08-21T12:25:05,PathA_20ms,164.56,VIP,64.347,0.0,1
2026-08-21T12:25:05,PathA_20ms,164.56,MEDIUM,64.223,0.0,0
2026-08-21T12:25:05,PathA_20ms,164.56,LOW,64.348,0.0,0
2026-08-21T12:25:06,PathA_20ms,164.56,VIP,64.25,0.0,1
2026-08-21T12:25:06,PathA_20ms,164.56,MEDIUM,64.244,0.0,0
2026-08-21T12:25:06,PathA_20ms,164.56,LOW,64.244,0.0,0
2026-08-21T12:25:07,PathA_20ms,164.56,VIP,64.202,0.0,1
2026-08-21T12:25:07,PathA_20ms,164.56,MEDIUM,64.188,0.0,0
2026-08-21T12:25:07,PathA_20ms,164.56,LOW,64.226,0.0,0
2026-08-21T12:25:07,PathA_20ms,164.56,VIP,64.901,0.0,1
2026-08-21T12:25:07,PathA_20ms,164.56,MEDIUM,64.862,0.0,0
2026-08-21T12:25:07,PathA_20ms,164.56,LOW,64.84,0.0,0
2026-08-21T12:25:08,PathA_20ms,164.56,VIP,66.684,0.0,1
2026-08-21T12:25:08,PathA_20ms,164.56,MEDIUM,65.441,0.0,0
2026-08-21T12:25:08,PathA_20ms,164.56,LOW,65.439,0.0,0
2026-08-21T12:25:09,PathA_20ms,161.01,VIP,67.596,0.0,1
2026-08-21T12:25:09,PathA_20ms,161.01,MEDIUM,67.636,0.0,0
2026-08-21T12:25:09,PathA_20ms,161.01,LOW,67.611,0.0,0
2026-08-21T12:25:10,PathA_20ms,161.01,VIP,66.01,0.0,1
2026-08-21T12:25:10,PathA_20ms,161.01,MEDIUM,65.688,0.0,0
2026-08-21T12:25:10,PathA_20ms,161.01,LOW,65.688,0.0,0
2026-08-21T12:25:11,PathA_20ms,161.01,VIP,64.212,0.0,1
2026-08-21T12:25:11,PathA_20ms,161.01,MEDIUM,64.238,0.0,0
2026-08-21T12:25:11,PathA_20ms,161.01,LOW,64.251,0.0,0
2026-08-21T12:25:12,PathA_20ms,161.01,VIP,64.279,0.0,1
2026-08-21T12:25:12,PathA_20ms,161.01,MEDIUM,64.269,0.0,0
2026-08-21T12:25:12,PathA_20ms,161.01,LOW,64.306,0.0,0
2026-08-21T12:25:13,PathA_20ms,161.01,VIP,64.263,0.0,1
2026-08-21T12:25:13,PathA_20ms,161.01,MEDIUM,64.291,0.0,0
2026-08-21T12:25:13,PathA_20ms,161.01,LOW,64.258,0.0,0
2026-08-21T12:25:14,PathA_20ms,161.01,VIP,64.227,0.0,1
2026-08-21T12:25:14,PathA_20ms,161.01,MEDIUM,64.187,0.0,0
2026-08-21T12:25:14,PathA_20ms,161.01,LOW,64.259,0.0,0
2026-08-21T12:25:15,PathA_20ms,161.01,VIP,68.25,0.0,1
2026-08-21T12:25:15,PathA_20ms,161.01,MEDIUM,67.686,0.0,0
2026-08-21T12:25:15,PathA_20ms,161.01,LOW,67.725,0.0,0
2026-08-21T12:25:16,PathA_20ms,147.22,VIP,68.016,0.0,1
2026-08-21T12:25:16,PathA_20ms,147.22,MEDIUM,68.057,0.0,0
2026-08-21T12:25:16,PathA_20ms,147.22,LOW,67.856,0.0,0
2026-08-21T12:25:17,PathA_20ms,144.44,VIP,64.22,0.0,1
2026-08-21T12:25:17,PathA_20ms,144.44,MEDIUM,64.202,0.0,0
2026-08-21T12:25:17,PathA_20ms,144.44,LOW,64.227,0.0,0
2026-08-21T12:25:18,PathA_20ms,144.44,VIP,64.268,0.0,1
2026-08-21T12:25:18,PathA_20ms,144.44,MEDIUM,64.209,0.0,0
2026-08-21T12:25:18,PathA_20ms,144.44,LOW,64.216,0.0,0
2026-08-21T12:25:19,PathA_20ms,144.44,VIP,64.197,0.0,1
2026-08-21T12:25:19,PathA_20ms,144.44,MEDIUM,64.247,0.0,0
2026-08-21T12:25:19,PathA_20ms,144.44,LOW,64.233,0.0,0
2026-08-21T12:25:20,PathA_20ms,144.44,VIP,64.877,0.0,1
2026-08-21T12:25:20,PathA_20ms,144.44,MEDIUM,64.913,0.0,0
2026-08-21T12:25:20,PathA_20ms,144.44,LOW,64.919,0.0,0
2026-08-21T12:25:21,PathA_20ms,144.44,VIP,66.474,0.0,1
2026-08-21T12:25:21,PathA_20ms,144.44,MEDIUM,65.081,0.0,0
2026-08-21T12:25:21,PathA_20ms,144.44,LOW,66.222,0.0,0
2026-08-21T12:25:22,PathA_20ms,144.96,VIP,65.734,0.0,1
2026-08-21T12:25:22,PathA_20ms,144.96,MEDIUM,65.686,0.0,0
2026-08-21T12:25:22,PathA_20ms,144.96,LOW,65.728,0.0,0
2026-08-21T12:25:22,PathA_20ms,147.74,VIP,64.211,0.0,1
2026-08-21T12:25:22,PathA_20ms,147.74,MEDIUM,64.221,0.0,0
2026-08-21T12:25:22,PathA_20ms,147.74,LOW,64.35,0.0,0
2026-08-21T12:25:23,PathA_20ms,147.74,VIP,64.232,0.0,1
2026-08-21T12:25:23,PathA_20ms,147.74,MEDIUM,64.267,0.0,0
2026-08-21T12:25:23,PathA_20ms,147.74,LOW,64.257,0.0,0
2026-08-21T12:25:24,PathA_20ms,147.74,VIP,64.235,0.0,1
2026-08-21T12:25:24,PathA_20ms,147.74,MEDIUM,64.25,0.0,0
2026-08-21T12:25:24,PathA_20ms,147.74,LOW,64.218,0.0,0
2026-08-21T12:25:25,PathA_20ms,147.74,VIP,65.518,0.0,1
2026-08-21T12:25:25,PathA_20ms,147.74,MEDIUM,65.468,0.0,0
2026-08-21T12:25:25,PathA_20ms,147.74,LOW,65.438,0.0,0
2026-08-21T12:25:26,PathA_20ms,147.74,VIP,65.283,0.0,1
2026-08-21T12:25:26,PathA_20ms,147.74,MEDIUM,65.319,0.0,0
2026-08-21T12:25:26,PathA_20ms,147.74,LOW,65.25,0.0,0
2026-08-21T12:25:27,PathA_20ms,149.34,VIP,64.374,0.0,1
2026-08-21T12:25:27,PathA_20ms,149.34,MEDIUM,64.321,0.0,0
2026-08-21T12:25:27,PathA_20ms,149.34,LOW,64.368,0.0,0
2026-08-21T12:25:28,PathA_20ms,149.34,VIP,64.22,0.0,1
2026-08-21T12:25:28,PathA_20ms,149.34,MEDIUM,64.249,0.0,0
2026-08-21T12:25:28,PathA_20ms,149.34,LOW,64.21,0.0,0
2026-08-21T12:25:29,PathA_20ms,149.34,VIP,64.181,0.0,1
2026-08-21T12:25:29,PathA_20ms,149.34,MEDIUM,64.18,0.0,0
2026-08-21T12:25:29,PathA_20ms,149.34,LOW,64.202,0.0,0
2026-08-21T12:25:30,PathA_20ms,149.34,VIP,64.975,0.0,1
2026-08-21T12:25:30,PathA_20ms,149.34,MEDIUM,64.98,0.0,0
2026-08-21T12:25:30,PathA_20ms,149.34,LOW,65.012,0.0,0
2026-08-21T12:25:31,PathA_20ms,140.75,VIP,64.159,0.0,1
2026-08-21T12:25:31,PathA_20ms,140.75,MEDIUM,64.134,0.0,0
2026-08-21T12:25:31,PathA_20ms,140.75,LOW,64.147,0.0,0
2026-08-21T12:25:32,PathA_20ms,140.75,VIP,64.489,0.0,1
2026-08-21T12:25:32,PathA_20ms,140.75,MEDIUM,64.488,0.0,0
2026-08-21T12:25:32,PathA_20ms,140.75,LOW,64.48,0.0,0
2026-08-21T12:25:33,PathA_20ms,140.75,VIP,64.343,0.0,1
2026-08-21T12:25:33,PathA_20ms,140.75,MEDIUM,64.383,0.0,0
2026-08-21T12:25:33,PathA_20ms,140.75,LOW,65.481,0.0,0
2026-08-21T12:25:34,PathA_20ms,144.32,VIP,64.198,0.0,1
2026-08-21T12:25:34,PathA_20ms,144.32,MEDIUM,64.187,0.0,0
2026-08-21T12:25:34,PathA_20ms,144.32,LOW,64.199,0.0,0
2026-08-21T12:25:35,PathA_20ms,144.73,VIP,64.651,0.0,1
2026-08-21T12:25:35,PathA_20ms,144.73,MEDIUM,64.29,0.0,0
2026-08-21T12:25:35,PathA_20ms,144.73,LOW,64.169,0.0,0
2026-08-21T12:25:36,PathA_20ms,144.73,VIP,64.841,0.0,1
2026-08-21T12:25:36,PathA_20ms,144.73,MEDIUM,64.768,0.0,0
2026-08-21T12:25:36,PathA_20ms,144.73,LOW,64.844,0.0,0
2026-08-21T12:25:36,PathA_20ms,144.73,VIP,64.649,0.0,1
2026-08-21T12:25:36,PathA_20ms,144.73,MEDIUM,64.679,0.0,0
2026-08-21T12:25:36,PathA_20ms,144.73,LOW,64.648,0.0,0
2026-08-21T12:25:37,PathA_20ms,148.8,VIP,64.965,0.0,1
2026-08-21T12:25:37,PathA_20ms,148.8,MEDIUM,64.988,0.0,0
2026-08-21T12:25:37,PathA_20ms,148.8,LOW,64.988,0.0,0
2026-08-21T12:25:38,PathA_20ms,148.8,VIP,64.153,0.0,1
2026-08-21T12:25:38,PathA_20ms,148.8,MEDIUM,64.133,0.0,0
2026-08-21T12:25:38,PathA_20ms,148.8,LOW,64.159,0.0,0
2026-08-21T12:25:39,PathA_20ms,156.98,VIP,64.239,0.0,1
2026-08-21T12:25:39,PathA_20ms,156.98,MEDIUM,64.198,0.0,0
2026-08-21T12:25:39,PathA_20ms,156.98,LOW,64.202,0.0,0
2026-08-21T12:25:40,PathA_20ms,156.98,VIP,64.208,0.0,1
2026-08-21T12:25:40,PathA_20ms,156.98,MEDIUM,64.261,0.0,0
2026-08-21T12:25:40,PathA_20ms,156.98,LOW,64.232,0.0,0
2026-08-21T12:25:41,PathA_20ms,156.98,VIP,64.276,0.0,1
2026-08-21T12:25:41,PathA_20ms,156.98,MEDIUM,64.266,0.0,0
2026-08-21T12:25:41,PathA_20ms,156.98,LOW,64.324,0.0,0
2026-08-21T12:25:42,PathA_20ms,156.98,VIP,64.385,0.0,1
2026-08-21T12:25:42,PathA_20ms,156.98,MEDIUM,64.565,0.0,0
2026-08-21T12:25:42,PathA_20ms,156.98,LOW,64.328,0.0,0
2026-08-21T12:25:43,PathA_20ms,156.98,VIP,66.757,0.0,1
2026-08-21T12:25:43,PathA_20ms,156.98,MEDIUM,66.7,0.0,0
2026-08-21T12:25:43,PathA_20ms,156.98,LOW,65.345,0.0,0
2026-08-21T12:25:44,PathA_20ms,156.98,VIP,65.648,0.0,1
2026-08-21T12:25:44,PathA_20ms,156.98,MEDIUM,65.774,0.0,0
2026-08-21T12:25:44,PathA_20ms,156.98,LOW,65.808,0.0,0
2026-08-21T12:25:45,PathA_20ms,157.67,VIP,64.26,0.0,1
2026-08-21T12:25:45,PathA_20ms,157.67,MEDIUM,64.361,0.0,0
2026-08-21T12:25:45,PathA_20ms,157.67,LOW,64.301,0.0,0
2026-08-21T12:25:46,PathA_20ms,157.67,VIP,64.24,0.0,1
2026-08-21T12:25:46,PathA_20ms,157.67,MEDIUM,64.227,0.0,0
2026-08-21T12:25:46,PathA_20ms,157.67,LOW,64.19,0.0,0
2026-08-21T12:25:47,PathA_20ms,157.67,VIP,64.248,0.0,1
2026-08-21T12:25:47,PathA_20ms,157.67,MEDIUM,64.199,0.0,0
2026-08-21T12:25:47,PathA_20ms,157.67,LOW,64.267,0.0,0
2026-08-21T12:25:48,PathA_20ms,157.67,VIP,64.828,0.0,1
2026-08-21T12:25:48,PathA_20ms,157.67,MEDIUM,64.938,0.0,0
2026-08-21T12:25:48,PathA_20ms,157.67,LOW,64.917,0.0,0
2026-08-21T12:25:49,PathA_20ms,157.67,VIP,64.702,0.0,1
2026-08-21T12:25:49,PathA_20ms,157.67,MEDIUM,64.729,0.0,0
2026-08-21T12:25:49,PathA_20ms,157.67,LOW,64.908,0.0,0
2026-08-21T12:25:50,PathA_20ms,157.67,VIP,67.024,0.0,1
2026-08-21T12:25:50,PathA_20ms,157.67,MEDIUM,67.024,0.0,0
2026-08-21T12:25:50,PathA_20ms,157.67,LOW,67.024,0.0,0
2026-08-21T12:25:50,PathA_20ms,170.57,VIP,66.439,0.0,1
2026-08-21T12:25:50,PathA_20ms,170.57,MEDIUM,66.351,0.0,0
2026-08-21T12:25:50,PathA_20ms,170.57,LOW,66.417,0.0,0
2026-08-21T12:25:51,PathA_20ms,160.28,VIP,64.847,0.0,1
2026-08-21T12:25:51,PathA_20ms,160.28,MEDIUM,64.823,0.0,0
2026-08-21T12:25:51,PathA_20ms,160.28,LOW,64.829,0.0,0
2026-08-21T12:25:52,PathA_20ms,160.28,VIP,64.274,0.0,1
2026-08-21T12:25:52,PathA_20ms,160.28,MEDIUM,64.294,0.0,0
2026-08-21T12:25:52,PathA_20ms,160.28,LOW,64.3,0.0,0
2026-08-21T12:25:53,PathA_20ms,160.28,VIP,64.223,0.0,1
2026-08-21T12:25:53,PathA_20ms,160.28,MEDIUM,64.258,0.0,0
2026-08-21T12:25:53,PathA_20ms,160.28,LOW,64.28,0.0,0
2026-08-21T12:25:54,PathA_20ms,160.28,VIP,64.199,0.0,1
2026-08-21T12:25:54,PathA_20ms,160.28,MEDIUM,64.228,0.0,0
2026-08-21T12:25:54,PathA_20ms,160.28,LOW,64.27,0.0,0
2026-08-21T12:25:55,PathA_20ms,160.28,VIP,64.191,0.0,1
2026-08-21T12:25:55,PathA_20ms,160.28,MEDIUM,64.177,0.0,0
2026-08-21T12:25:55,PathA_20ms,160.28,LOW,64.22,0.0,0
2026-08-21T12:25:56,PathA_20ms,160.28,VIP,66.144,0.0,1
2026-08-21T12:25:56,PathA_20ms,160.28,MEDIUM,66.126,0.0,0
2026-08-21T12:25:56,PathA_20ms,160.28,LOW,66.122,0.0,0
2026-08-21T12:25:57,PathA_20ms,160.28,VIP,66.524,0.0,1
2026-08-21T12:25:57,PathA_20ms,160.28,MEDIUM,66.504,0.0,0
2026-08-21T12:25:57,PathA_20ms,160.28,LOW,66.524,0.0,0
2026-08-21T12:25:58,PathA_20ms,160.24,VIP,64.829,0.0,1
2026-08-21T12:25:58,PathA_20ms,160.24,MEDIUM,64.804,0.0,0
2026-08-21T12:25:58,PathA_20ms,160.24,LOW,64.872,0.0,0
2026-08-21T12:25:59,PathA_20ms,160.24,VIP,64.242,0.0,1
2026-08-21T12:25:59,PathA_20ms,160.24,MEDIUM,64.211,0.0,0
2026-08-21T12:25:59,PathA_20ms,160.24,LOW,64.214,0.0,0
2026-08-21T12:26:00,PathA_20ms,160.24,VIP,65.461,0.0,1
2026-08-21T12:26:00,PathA_20ms,160.24,MEDIUM,64.428,0.0,0
2026-08-21T12:26:00,PathA_20ms,160.24,LOW,65.432,0.0,0
2026-08-21T12:26:01,PathA_20ms,160.24,VIP,66.802,0.0,1
2026-08-21T12:26:01,PathA_20ms,160.24,MEDIUM,66.834,0.0,0
2026-08-21T12:26:01,PathA_20ms,160.24,LOW,66.778,0.0,0
2026-08-21T12:26:02,PathA_20ms,148.03,VIP,64.718,0.0,1
2026-08-21T12:26:02,PathA_20ms,148.03,MEDIUM,64.731,0.0,0
2026-08-21T12:26:02,PathA_20ms,148.03,LOW,64.609,0.0,0
2026-08-21T12:26:03,PathA_20ms,148.03,VIP,64.215,0.0,1
2026-08-21T12:26:03,PathA_20ms,148.03,MEDIUM,64.21,0.0,0
2026-08-21T12:26:03,PathA_20ms,148.03,LOW,64.228,0.0,0
2026-08-21T12:26:04,PathA_20ms,148.03,VIP,64.255,0.0,1
2026-08-21T12:26:04,PathA_20ms,148.03,MEDIUM,64.237,0.0,0
2026-08-21T12:26:04,PathA_20ms,148.03,LOW,64.26,0.0,0
2026-08-21T12:26:04,PathA_20ms,148.03,VIP,65.642,0.0,1
2026-08-21T12:26:04,PathA_20ms,148.03,MEDIUM,65.617,0.0,0
2026-08-21T12:26:04,PathA_20ms,148.03,LOW,65.557,0.0,0
2026-08-21T12:26:05,PathA_20ms,148.03,VIP,66.411,0.0,1
2026-08-21T12:26:05,PathA_20ms,148.03,MEDIUM,66.382,0.0,0
2026-08-21T12:26:05,PathA_20ms,148.03,LOW,66.41,0.0,0
2026-08-21T12:26:06,PathA_20ms,161.42,VIP,66.023,0.0,1
2026-08-21T12:26:06,PathA_20ms,161.42,MEDIUM,66.073,0.0,0
2026-08-21T12:26:06,PathA_20ms,161.42,LOW,66.005,0.0,0
2026-08-21T12:26:07,PathA_20ms,161.42,VIP,64.219,0.0,1
2026-08-21T12:26:07,PathA_20ms,161.42,MEDIUM,64.234,0.0,0
2026-08-21T12:26:07,PathA_20ms,161.42,LOW,64.225,0.0,0
2026-08-21T12:26:08,PathA_20ms,161.42,VIP,64.218,0.0,1
2026-08-21T12:26:08,PathA_20ms,161.42,MEDIUM,64.215,0.0,0
2026-08-21T12:26:08,PathA_20ms,161.42,LOW,64.265,0.0,0
2026-08-21T12:26:09,PathA_20ms,161.42,VIP,64.219,0.0,1
2026-08-21T12:26:09,PathA_20ms,161.42,MEDIUM,64.228,0.0,0
2026-08-21T12:26:09,PathA_20ms,161.42,LOW,64.198,0.0,0
2026-08-21T12:26:10,PathA_20ms,161.42,VIP,64.425,0.0,1
2026-08-21T12:26:10,PathA_20ms,161.42,MEDIUM,64.363,0.0,0
2026-08-21T12:26:10,PathA_20ms,161.42,LOW,64.427,0.0,0
2026-08-21T12:26:11,PathA_20ms,161.42,VIP,66.795,0.0,1
2026-08-21T12:26:11,PathA_20ms,161.42,MEDIUM,67.302,0.0,0
2026-08-21T12:26:11,PathA_20ms,161.42,LOW,66.22,0.0,0
2026-08-21T12:26:12,PathA_20ms,149.51,VIP,67.53,0.0,1
2026-08-21T12:26:12,PathA_20ms,149.51,MEDIUM,67.144,0.0,0
2026-08-21T12:26:12,PathA_20ms,149.51,LOW,67.519,0.0,0
2026-08-21T12:26:13,PathA_20ms,153.32,VIP,64.279,0.0,1
2026-08-21T12:26:13,PathA_20ms,153.32,MEDIUM,64.274,0.0,0
2026-08-21T12:26:13,PathA_20ms,153.32,LOW,64.299,0.0,0
2026-08-21T12:26:14,PathA_20ms,153.32,VIP,64.263,0.0,1
2026-08-21T12:26:14,PathA_20ms,153.32,MEDIUM,64.248,0.0,0
2026-08-21T12:26:14,PathA_20ms,153.32,LOW,64.264,0.0,0
2026-08-21T12:26:15,PathA_20ms,153.32,VIP,65.634,0.0,1
2026-08-21T12:26:15,PathA_20ms,153.32,MEDIUM,65.581,0.0,0
2026-08-21T12:26:15,PathA_20ms,153.32,LOW,65.615,0.0,0
2026-08-21T12:26:16,PathA_20ms,153.32,VIP,65.324,0.0,1
2026-08-21T12:26:16,PathA_20ms,153.32,MEDIUM,65.382,0.0,0
2026-08-21T12:26:16,PathA_20ms,153.32,LOW,65.379,0.0,0
2026-08-21T12:26:17,PathA_20ms,158.32,VIP,64.771,0.0,1
2026-08-21T12:26:17,PathA_20ms,158.32,MEDIUM,64.754,0.0,0
2026-08-21T12:26:17,PathA_20ms,158.32,LOW,64.71,0.0,0
2026-08-21T12:26:18,PathA_20ms,158.32,VIP,64.155,0.0,1
2026-08-21T12:26:18,PathA_20ms,158.32,MEDIUM,64.195,0.0,0
2026-08-21T12:26:18,PathA_20ms,158.32,LOW,64.247,0.0,0
2026-08-21T12:26:19,PathA_20ms,158.32,VIP,64.818,0.0,1
2026-08-21T12:26:19,PathA_20ms,158.32,MEDIUM,64.834,0.0,0
2026-08-21T12:26:19,PathA_20ms,158.32,LOW,64.735,0.0,0
2026-08-21T12:26:19,PathA_20ms,140.75,VIP,64.188,0.0,1
2026-08-21T12:26:19,PathA_20ms,140.75,MEDIUM,64.197,0.0,0
2026-08-21T12:26:19,PathA_20ms,140.75,LOW,64.208,0.0,0
2026-08-21T12:26:20,PathA_20ms,140.75,VIP,64.226,0.0,1
2026-08-21T12:26:20,PathA_20ms,140.75,MEDIUM,64.236,0.0,0
2026-08-21T12:26:20,PathA_20ms,140.75,LOW,64.232,0.0,0
2026-08-21T12:26:21,PathA_20ms,140.75,VIP,65.03,0.0,1
2026-08-21T12:26:21,PathA_20ms,140.75,MEDIUM,65.151,0.0,0
2026-08-21T12:26:21,PathA_20ms,140.75,LOW,64.954,0.0,0
2026-08-21T12:26:22,PathA_20ms,140.75,VIP,64.255,0.0,1
2026-08-21T12:26:22,PathA_20ms,140.75,MEDIUM,64.714,0.0,0
2026-08-21T12:26:22,PathA_20ms,140.75,LOW,64.682,0.0,0
2026-08-21T12:26:23,PathA_20ms,156.86,VIP,66.038,0.0,1
2026-08-21T12:26:23,PathA_20ms,156.86,MEDIUM,66.057,0.0,0
2026-08-21T12:26:23,PathA_20ms,156.86,LOW,66.107,0.0,0
2026-08-21T12:26:24,PathA_20ms,156.86,VIP,65.421,0.0,1
2026-08-21T12:26:24,PathA_20ms,156.86,MEDIUM,65.402,0.0,0
2026-08-21T12:26:24,PathA_20ms,156.86,LOW,65.417,0.0,0
2026-08-21T12:26:25,PathA_20ms,156.86,VIP,65.684,0.0,1
2026-08-21T12:26:25,PathA_20ms,156.86,MEDIUM,65.715,0.0,0
2026-08-21T12:26:25,PathA_20ms,156.86,LOW,65.68,0.0,0
2026-08-21T12:26:26,PathA_20ms,150.6,VIP,64.669,0.0,1
2026-08-21T12:26:26,PathA_20ms,150.6,MEDIUM,64.479,0.0,0
2026-08-21T12:26:26,PathA_20ms,150.6,LOW,64.768,0.0,0
2026-08-21T12:26:27,PathA_20ms,134.51,VIP,64.258,0.0,1
2026-08-21T12:26:27,PathA_20ms,134.51,MEDIUM,64.235,0.0,0
2026-08-21T12:26:27,PathA_20ms,134.51,LOW,64.291,0.0,0
2026-08-21T12:26:28,PathA_20ms,134.51,VIP,64.197,0.0,1
2026-08-21T12:26:28,PathA_20ms,134.51,MEDIUM,64.228,0.0,0
2026-08-21T12:26:28,PathA_20ms,134.51,LOW,64.236,0.0,0
2026-08-21T12:26:29,PathA_20ms,134.51,VIP,64.259,0.0,1
2026-08-21T12:26:29,PathA_20ms,134.51,MEDIUM,64.222,0.0,0
2026-08-21T12:26:29,PathA_20ms,134.51,LOW,64.255,0.0,0
2026-08-21T12:26:30,PathA_20ms,134.51,VIP,64.221,0.0,1
2026-08-21T12:26:30,PathA_20ms,134.51,MEDIUM,64.249,0.0,0
2026-08-21T12:26:30,PathA_20ms,134.51,LOW,64.221,0.0,0
2026-08-21T12:26:31,PathA_20ms,134.51,VIP,64.857,0.0,1
2026-08-21T12:26:31,PathA_20ms,134.51,MEDIUM,64.873,0.0,0
2026-08-21T12:26:31,PathA_20ms,134.51,LOW,64.92,0.0,0
2026-08-21T12:26:32,PathA_20ms,134.51,VIP,64.429,0.0,1
2026-08-21T12:26:32,PathA_20ms,134.51,MEDIUM,64.444,0.0,0
2026-08-21T12:26:32,PathA_20ms,134.51,LOW,64.476,0.0,0
2026-08-21T12:26:33,PathA_20ms,145.92,VIP,64.66,0.0,1
2026-08-21T12:26:33,PathA_20ms,145.92,MEDIUM,64.716,0.0,0
2026-08-21T12:26:33,PathA_20ms,145.92,LOW,64.652,0.0,0
2026-08-21T12:26:33,PathA_20ms,145.92,VIP,65.676,0.0,1
2026-08-21T12:26:33,PathA_20ms,145.92,MEDIUM,65.684,0.0,0
2026-08-21T12:26:33,PathA_20ms,145.92,LOW,65.147,0.0,0
2026-08-21T12:26:34,PathA_20ms,138.16,VIP,64.622,0.0,1
2026-08-21T12:26:34,PathA_20ms,138.16,MEDIUM,64.621,0.0,0
2026-08-21T12:26:34,PathA_20ms,138.16,LOW,64.536,0.0,0
2026-08-21T12:26:35,PathA_20ms,138.16,VIP,64.192,0.0,1
2026-08-21T12:26:35,PathA_20ms,138.16,MEDIUM,64.242,0.0,0
2026-08-21T12:26:35,PathA_20ms,138.16,LOW,64.181,0.0,0
2026-08-21T12:26:36,PathA_20ms,138.16,VIP,64.212,0.0,1
2026-08-21T12:26:36,PathA_20ms,138.16,MEDIUM,64.206,0.0,0
2026-08-21T12:26:36,PathA_20ms,138.16,LOW,64.219,0.0,0
2026-08-21T12:26:37,PathA_20ms,138.16,VIP,64.161,0.0,1
2026-08-21T12:26:37,PathA_20ms,138.16,MEDIUM,64.182,0.0,0
2026-08-21T12:26:37,PathA_20ms,138.16,LOW,64.191,0.0,0
2026-08-21T12:26:38,PathA_20ms,138.16,VIP,67.043,0.0,1
2026-08-21T12:26:38,PathA_20ms,138.16,MEDIUM,66.707,0.0,0
2026-08-21T12:26:38,PathA_20ms,138.16,LOW,67.085,0.0,0
2026-08-21T12:26:39,PathA_20ms,156.48,VIP,66.434,0.0,1
2026-08-21T12:26:39,PathA_20ms,156.48,MEDIUM,66.338,0.0,0
2026-08-21T12:26:39,PathA_20ms,156.48,LOW,66.372,0.0,0
2026-08-21T12:26:40,PathA_20ms,171.14,VIP,64.212,0.0,1
2026-08-21T12:26:40,PathA_20ms,171.14,MEDIUM,64.192,0.0,0
2026-08-21T12:26:40,PathA_20ms,171.14,LOW,64.214,0.0,0
2026-08-21T12:26:41,PathA_20ms,171.14,VIP,64.23,0.0,1
2026-08-21T12:26:41,PathA_20ms,171.14,MEDIUM,64.232,0.0,0
2026-08-21T12:26:41,PathA_20ms,171.14,LOW,64.211,0.0,0
2026-08-21T12:26:42,PathA_20ms,171.14,VIP,64.326,0.0,1
2026-08-21T12:26:42,PathA_20ms,171.14,MEDIUM,64.266,0.0,0
2026-08-21T12:26:42,PathA_20ms,171.14,LOW,64.244,0.0,0
2026-08-21T12:26:43,PathA_20ms,171.14,VIP,64.2,0.0,1
2026-08-21T12:26:43,PathA_20ms,171.14,MEDIUM,64.267,0.0,0
2026-08-21T12:26:43,PathA_20ms,171.14,LOW,64.237,0.0,0
2026-08-21T12:26:44,PathA_20ms,171.14,VIP,64.213,0.0,1
2026-08-21T12:26:44,PathA_20ms,171.14,MEDIUM,64.26,0.0,0
2026-08-21T12:26:44,PathA_20ms,171.14,LOW,64.272,0.0,0
2026-08-21T12:26:45,PathA_20ms,171.14,VIP,64.744,0.0,1
2026-08-21T12:26:45,PathA_20ms,171.14,MEDIUM,64.404,0.0,0
2026-08-21T12:26:45,PathA_20ms,171.14,LOW,64.549,0.0,0
2026-08-21T12:26:46,PathA_20ms,162.42,VIP,66.818,0.0,1
2026-08-21T12:26:46,PathA_20ms,162.42,MEDIUM,66.818,0.0,0
2026-08-21T12:26:46,PathA_20ms,162.42,LOW,66.807,0.0,0
2026-08-21T12:26:47,PathA_20ms,162.42,VIP,64.13,0.0,1
2026-08-21T12:26:47,PathA_20ms,162.42,MEDIUM,64.146,0.0,0
2026-08-21T12:26:47,PathA_20ms,162.42,LOW,64.154,0.0,0
2026-08-21T12:26:47,PathA_20ms,150.88,VIP,64.281,0.0,1
2026-08-21T12:26:47,PathA_20ms,150.88,MEDIUM,64.298,0.0,0
2026-08-21T12:26:47,PathA_20ms,150.88,LOW,64.337,0.0,0
2026-08-21T12:26:48,PathA_20ms,150.88,VIP,64.204,0.0,1
2026-08-21T12:26:48,PathA_20ms,150.88,MEDIUM,64.214,0.0,0
2026-08-21T12:26:48,PathA_20ms,150.88,LOW,64.176,0.0,0
2026-08-21T12:26:49,PathA_20ms,150.88,VIP,64.15,0.0,1
2026-08-21T12:26:49,PathA_20ms,150.88,MEDIUM,64.157,0.0,0
2026-08-21T12:26:49,PathA_20ms,150.88,LOW,64.138,0.0,0
2026-08-21T12:26:50,PathA_20ms,148.2,VIP,64.833,0.0,1
2026-08-21T12:26:50,PathA_20ms,148.2,MEDIUM,64.82,0.0,0
2026-08-21T12:26:50,PathA_20ms,148.2,LOW,64.932,0.0,0
2026-08-21T12:26:51,PathA_20ms,148.2,VIP,64.129,0.0,1
2026-08-21T12:26:51,PathA_20ms,148.2,MEDIUM,64.143,0.0,0
2026-08-21T12:26:51,PathA_20ms,148.2,LOW,64.156,0.0,0
2026-08-21T12:26:52,PathA_20ms,148.2,VIP,64.162,0.0,1
2026-08-21T12:26:52,PathA_20ms,148.2,MEDIUM,64.269,0.0,0
2026-08-21T12:26:52,PathA_20ms,148.2,LOW,64.351,0.0,0
2026-08-21T12:26:53,PathA_20ms,159.74,VIP,64.241,0.0,1
2026-08-21T12:26:53,PathA_20ms,159.74,MEDIUM,64.172,0.0,0
2026-08-21T12:26:53,PathA_20ms,159.74,LOW,64.193,0.0,0
2026-08-21T12:26:54,PathA_20ms,159.74,VIP,64.337,0.0,1
2026-08-21T12:26:54,PathA_20ms,159.74,MEDIUM,64.373,0.0,0
2026-08-21T12:26:54,PathA_20ms,159.74,LOW,64.282,0.0,0
2026-08-21T12:26:55,PathA_20ms,159.74,VIP,64.23,0.0,1
2026-08-21T12:26:55,PathA_20ms,159.74,MEDIUM,64.21,0.0,0
2026-08-21T12:26:55,PathA_20ms,159.74,LOW,64.23,0.0,0
2026-08-21T12:26:56,PathA_20ms,159.74,VIP,64.438,0.0,1
2026-08-21T12:26:56,PathA_20ms,159.74,MEDIUM,64.396,0.0,0
2026-08-21T12:26:56,PathA_20ms,159.74,LOW,64.428,0.0,0
2026-08-21T12:26:57,PathA_20ms,159.74,VIP,66.215,0.0,1
2026-08-21T12:26:57,PathA_20ms,159.74,MEDIUM,66.28,0.0,0
2026-08-21T12:26:57,PathA_20ms,159.74,LOW,66.238,0.0,0
2026-08-21T12:26:58,PathA_20ms,138.57,VIP,65.434,0.0,1
2026-08-21T12:26:58,PathA_20ms,138.57,MEDIUM,65.424,0.0,0
2026-08-21T12:26:58,PathA_20ms,138.57,LOW,65.751,0.0,0
2026-08-21T12:26:59,PathA_20ms,144.5,VIP,64.241,0.0,1
2026-08-21T12:26:59,PathA_20ms,144.5,MEDIUM,64.216,0.0,0
2026-08-21T12:26:59,PathA_20ms,144.5,LOW,64.229,0.0,0
2026-08-21T12:27:00,PathA_20ms,144.5,VIP,64.189,0.0,1
2026-08-21T12:27:00,PathA_20ms,144.5,MEDIUM,64.216,0.0,0
2026-08-21T12:27:00,PathA_20ms,144.5,LOW,64.248,0.0,0
2026-08-21T12:27:01,PathA_20ms,144.5,VIP,64.177,0.0,1
2026-08-21T12:27:01,PathA_20ms,144.5,MEDIUM,64.226,0.0,0
2026-08-21T12:27:01,PathA_20ms,144.5,LOW,64.205,0.0,0
2026-08-21T12:27:01,PathA_20ms,144.5,VIP,64.147,0.0,1
2026-08-21T12:27:01,PathA_20ms,144.5,MEDIUM,64.14,0.0,0
2026-08-21T12:27:01,PathA_20ms,144.5,LOW,64.126,0.0,0
2026-08-21T12:27:02,PathA_20ms,146.93,VIP,64.198,0.0,1
2026-08-21T12:27:02,PathA_20ms,146.93,MEDIUM,64.258,0.0,0
2026-08-21T12:27:02,PathA_20ms,146.93,LOW,64.258,0.0,0
2026-08-21T12:27:03,PathA_20ms,146.93,VIP,64.187,0.0,1
2026-08-21T12:27:03,PathA_20ms,146.93,MEDIUM,64.211,0.0,0
2026-08-21T12:27:03,PathA_20ms,146.93,LOW,64.232,0.0,0
2026-08-21T12:27:04,PathA_20ms,146.93,VIP,64.717,0.0,1
2026-08-21T12:27:04,PathA_20ms,146.93,MEDIUM,64.725,0.0,0
2026-08-21T12:27:04,PathA_20ms,146.93,LOW,64.75,0.0,0
2026-08-21T12:27:05,PathA_20ms,147.13,VIP,64.153,0.0,1
2026-08-21T12:27:05,PathA_20ms,147.13,MEDIUM,64.164,0.0,0
2026-08-21T12:27:05,PathA_20ms,147.13,LOW,64.192,0.0,0
2026-08-21T12:27:06,PathA_20ms,147.13,VIP,64.239,0.0,1
2026-08-21T12:27:06,PathA_20ms,147.13,MEDIUM,64.229,0.0,0
2026-08-21T12:27:06,PathA_20ms,147.13,LOW,64.213,0.0,0
2026-08-21T12:27:07,PathA_20ms,147.13,VIP,64.19,0.0,1
2026-08-21T12:27:07,PathA_20ms,147.13,MEDIUM,64.221,0.0,0
2026-08-21T12:27:07,PathA_20ms,147.13,LOW,64.274,0.0,0
2026-08-21T12:27:08,PathA_20ms,147.13,VIP,64.169,0.0,1
2026-08-21T12:27:08,PathA_20ms,147.13,MEDIUM,64.196,0.0,0
2026-08-21T12:27:08,PathA_20ms,147.13,LOW,64.195,0.0,0
2026-08-21T12:27:09,PathA_20ms,147.13,VIP,65.102,0.0,1
2026-08-21T12:27:09,PathA_20ms,147.13,MEDIUM,65.101,0.0,0
2026-08-21T12:27:09,PathA_20ms,147.13,LOW,65.046,0.0,0
2026-08-21T12:27:10,PathA_20ms,150.52,VIP,64.157,0.0,1
2026-08-21T12:27:10,PathA_20ms,150.52,MEDIUM,64.176,0.0,0
2026-08-21T12:27:10,PathA_20ms,150.52,LOW,64.172,0.0,0
2026-08-21T12:27:11,PathA_20ms,150.52,VIP,64.269,0.0,1
2026-08-21T12:27:11,PathA_20ms,150.52,MEDIUM,64.378,0.0,0
2026-08-21T12:27:11,PathA_20ms,150.52,LOW,64.267,0.0,0
2026-08-21T12:27:12,PathA_20ms,150.52,VIP,64.173,0.0,1
2026-08-21T12:27:12,PathA_20ms,150.52,MEDIUM,64.167,0.0,0
2026-08-21T12:27:12,PathA_20ms,150.52,LOW,64.205,0.0,0
2026-08-21T12:27:13,PathA_20ms,150.52,VIP,64.313,0.0,1
2026-08-21T12:27:13,PathA_20ms,150.52,MEDIUM,64.323,0.0,0
2026-08-21T12:27:13,PathA_20ms,150.52,LOW,64.219,0.0,0
2026-08-21T12:27:14,PathA_20ms,148.36,VIP,64.167,0.0,1
2026-08-21T12:27:14,PathA_20ms,148.36,MEDIUM,64.164,0.0,0
2026-08-21T12:27:14,PathA_20ms,148.36,LOW,64.214,0.0,0
2026-08-21T12:27:15,PathA_20ms,148.36,VIP,64.333,0.0,1
2026-08-21T12:27:15,PathA_20ms,148.36,MEDIUM,64.31,0.0,0
2026-08-21T12:27:15,PathA_20ms,148.36,LOW,64.306,0.0,0
2026-08-21T12:27:15,PathA_20ms,148.36,VIP,65.252,0.0,1
2026-08-21T12:27:15,PathA_20ms,148.36,MEDIUM,65.122,0.0,0
2026-08-21T12:27:15,PathA_20ms,148.36,LOW,65.101,0.0,0
2026-08-21T12:27:16,PathA_20ms,149.55,VIP,64.248,0.0,1
2026-08-21T12:27:16,PathA_20ms,149.55,MEDIUM,64.186,0.0,0
2026-08-21T12:27:16,PathA_20ms,149.55,LOW,64.151,0.0,0
2026-08-21T12:27:17,PathA_20ms,149.55,VIP,64.808,0.0,1
2026-08-21T12:27:17,PathA_20ms,149.55,MEDIUM,64.769,0.0,0
2026-08-21T12:27:17,PathA_20ms,149.55,LOW,64.877,0.0,0
2026-08-21T12:27:18,PathA_20ms,172.68,VIP,64.432,0.0,1
2026-08-21T12:27:18,PathA_20ms,172.68,MEDIUM,64.455,0.0,0
2026-08-21T12:27:18,PathA_20ms,172.68,LOW,64.467,0.0,0
2026-08-21T12:27:19,PathA_20ms,172.68,VIP,64.236,0.0,1
2026-08-21T12:27:19,PathA_20ms,172.68,MEDIUM,64.24,0.0,0
2026-08-21T12:27:19,PathA_20ms,172.68,LOW,64.306,0.0,0
2026-08-21T12:27:20,PathA_20ms,172.68,VIP,64.26,0.0,1
2026-08-21T12:27:20,PathA_20ms,172.68,MEDIUM,64.276,0.0,0
2026-08-21T12:27:20,PathA_20ms,172.68,LOW,64.244,0.0,0
2026-08-21T12:27:21,PathA_20ms,172.68,VIP,64.154,0.0,1
2026-08-21T12:27:21,PathA_20ms,172.68,MEDIUM,64.155,0.0,0
2026-08-21T12:27:21,PathA_20ms,172.68,LOW,64.165,0.0,0
2026-08-21T12:27:22,PathA_20ms,172.68,VIP,64.572,0.0,1
2026-08-21T12:27:22,PathA_20ms,172.68,MEDIUM,64.883,0.0,0
2026-08-21T12:27:22,PathA_20ms,172.68,LOW,64.55,0.0,0
2026-08-21T12:27:23,PathA_20ms,153.74,VIP,64.794,0.0,1
2026-08-21T12:27:23,PathA_20ms,153.74,MEDIUM,64.7,0.0,0
2026-08-21T12:27:23,PathA_20ms,153.74,LOW,64.794,0.0,0
2026-08-21T12:27:24,PathA_20ms,133.68,VIP,64.521,0.0,1
2026-08-21T12:27:24,PathA_20ms,133.68,MEDIUM,64.533,0.0,0
2026-08-21T12:27:24,PathA_20ms,133.68,LOW,64.55,0.0,0
2026-08-21T12:27:25,PathA_20ms,133.68,VIP,64.229,0.0,1
2026-08-21T12:27:25,PathA_20ms,133.68,MEDIUM,64.257,0.0,0
2026-08-21T12:27:25,PathA_20ms,133.68,LOW,64.251,0.0,0
2026-08-21T12:27:26,PathA_20ms,133.68,VIP,64.213,0.0,1
2026-08-21T12:27:26,PathA_20ms,133.68,MEDIUM,64.217,0.0,0
2026-08-21T12:27:26,PathA_20ms,133.68,LOW,64.182,0.0,0
2026-08-21T12:27:27,PathA_20ms,133.68,VIP,65.444,0.0,1
2026-08-21T12:27:27,PathA_20ms,133.68,MEDIUM,65.369,0.0,0
2026-08-21T12:27:27,PathA_20ms,133.68,LOW,65.297,0.0,0
2026-08-21T12:27:28,PathA_20ms,154.27,VIP,66.545,0.0,1
2026-08-21T12:27:28,PathA_20ms,154.27,MEDIUM,66.572,0.0,0
2026-08-21T12:27:28,PathA_20ms,154.27,LOW,66.54,0.0,0
2026-08-21T12:27:29,PathA_20ms,162.27,VIP,64.327,0.0,1
2026-08-21T12:27:29,PathA_20ms,162.27,MEDIUM,64.314,0.0,0
2026-08-21T12:27:29,PathA_20ms,162.27,LOW,64.344,0.0,0
2026-08-21T12:27:29,PathA_20ms,162.27,VIP,64.27,0.0,1
2026-08-21T12:27:29,PathA_20ms,162.27,MEDIUM,64.249,0.0,0
2026-08-21T12:27:29,PathA_20ms,162.27,LOW,64.263,0.0,0
2026-08-21T12:27:30,PathA_20ms,162.27,VIP,64.283,0.0,1
2026-08-21T12:27:30,PathA_20ms,162.27,MEDIUM,64.308,0.0,0
2026-08-21T12:27:30,PathA_20ms,162.27,LOW,64.235,0.0,0
2026-08-21T12:27:31,PathA_20ms,162.27,VIP,64.512,0.0,1
2026-08-21T12:27:31,PathA_20ms,162.27,MEDIUM,64.474,0.0,0
2026-08-21T12:27:31,PathA_20ms,162.27,LOW,64.532,0.0,0
2026-08-21T12:27:32,PathA_20ms,162.27,VIP,65.244,0.0,1
2026-08-21T12:27:32,PathA_20ms,162.27,MEDIUM,65.286,0.0,0
2026-08-21T12:27:32,PathA_20ms,162.27,LOW,65.286,0.0,0
2026-08-21T12:27:33,PathA_20ms,156.1,VIP,64.148,0.0,1
2026-08-21T12:27:33,PathA_20ms,156.1,MEDIUM,64.186,0.0,0
2026-08-21T12:27:33,PathA_20ms,156.1,LOW,64.178,0.0,0
2026-08-21T12:27:34,PathA_20ms,156.1,VIP,64.752,0.0,1
2026-08-21T12:27:34,PathA_20ms,156.1,MEDIUM,64.748,0.0,0
2026-08-21T12:27:34,PathA_20ms,156.1,LOW,64.752,0.0,0
2026-08-21T12:27:35,PathA_20ms,156.1,VIP,64.114,0.0,1
2026-08-21T12:27:35,PathA_20ms,156.1,MEDIUM,64.123,0.0,0
2026-08-21T12:27:35,PathA_20ms,156.1,LOW,64.138,0.0,0
2026-08-21T12:27:36,PathA_20ms,129.3,VIP,64.636,0.0,1
2026-08-21T12:27:36,PathA_20ms,129.3,MEDIUM,64.621,0.0,0
2026-08-21T12:27:36,PathA_20ms,129.3,LOW,64.58,0.0,0
2026-08-21T12:27:37,PathA_20ms,129.3,VIP,64.368,0.0,1
2026-08-21T12:27:37,PathA_20ms,129.3,MEDIUM,64.314,0.0,0
2026-08-21T12:27:37,PathA_20ms,129.3,LOW,64.368,0.0,0
2026-08-21T12:27:38,PathA_20ms,128.2,VIP,64.181,0.0,1
2026-08-21T12:27:38,PathA_20ms,128.2,MEDIUM,64.196,0.0,0
2026-08-21T12:27:38,PathA_20ms,128.2,LOW,64.179,0.0,0
2026-08-21T12:27:39,PathA_20ms,128.2,VIP,64.287,0.0,1
2026-08-21T12:27:39,PathA_20ms,128.2,MEDIUM,64.289,0.0,0
2026-08-21T12:27:39,PathA_20ms,128.2,LOW,64.302,0.0,0
2026-08-21T12:27:40,PathA_20ms,128.2,VIP,64.289,0.0,1
2026-08-21T12:27:40,PathA_20ms,128.2,MEDIUM,64.232,0.0,0
2026-08-21T12:27:40,PathA_20ms,128.2,LOW,64.481,0.0,0
2026-08-21T12:27:41,PathA_20ms,128.2,VIP,64.208,0.0,1
2026-08-21T12:27:41,PathA_20ms,128.2,MEDIUM,64.209,0.0,0
2026-08-21T12:27:41,PathA_20ms,128.2,LOW,64.23,0.0,0
2026-08-21T12:27:42,PathA_20ms,128.2,VIP,66.979,0.0,1
2026-08-21T12:27:42,PathA_20ms,128.2,MEDIUM,66.284,0.0,0
2026-08-21T12:27:42,PathA_20ms,128.2,LOW,66.929,0.0,0
2026-08-21T12:27:43,PathA_20ms,122.62,VIP,65.623,0.0,1
2026-08-21T12:27:43,PathA_20ms,122.62,MEDIUM,65.61,0.0,0
2026-08-21T12:27:43,PathA_20ms,122.62,LOW,65.597,0.0,0
2026-08-21T12:27:43,PathA_20ms,123.55,VIP,64.147,0.0,1
2026-08-21T12:27:43,PathA_20ms,123.55,MEDIUM,64.201,0.0,0
2026-08-21T12:27:43,PathA_20ms,123.55,LOW,64.2,0.0,0
2026-08-21T12:27:44,PathA_20ms,123.55,VIP,64.211,0.0,1
2026-08-21T12:27:44,PathA_20ms,123.55,MEDIUM,64.189,0.0,0
2026-08-21T12:27:44,PathA_20ms,123.55,LOW,64.238,0.0,0
2026-08-21T12:27:45,PathA_20ms,123.55,VIP,65.224,0.0,1
2026-08-21T12:27:45,PathA_20ms,123.55,MEDIUM,65.212,0.0,0
2026-08-21T12:27:45,PathA_20ms,123.55,LOW,65.511,0.0,0
2026-08-21T12:27:46,PathA_20ms,123.55,VIP,65.225,0.0,1
2026-08-21T12:27:46,PathA_20ms,123.55,MEDIUM,65.365,0.0,0
2026-08-21T12:27:46,PathA_20ms,123.55,LOW,65.381,0.0,0
2026-08-21T12:27:47,PathA_20ms,123.55,VIP,64.925,0.0,1
2026-08-21T12:27:47,PathA_20ms,123.55,MEDIUM,65.052,0.0,0
2026-08-21T12:27:47,PathA_20ms,123.55,LOW,65.033,0.0,0
2026-08-21T12:27:48,PathA_20ms,152.81,VIP,64.769,0.0,1
2026-08-21T12:27:48,PathA_20ms,152.81,MEDIUM,64.81,0.0,0
2026-08-21T12:27:48,PathA_20ms,152.81,LOW,64.848,0.0,0
2026-08-21T12:27:49,PathA_20ms,160.11,VIP,64.222,0.0,1
2026-08-21T12:27:49,PathA_20ms,160.11,MEDIUM,64.407,0.0,0
2026-08-21T12:27:49,PathA_20ms,160.11,LOW,64.263,0.0,0
2026-08-21T12:27:50,PathA_20ms,160.11,VIP,64.29,0.0,1
2026-08-21T12:27:50,PathA_20ms,160.11,MEDIUM,64.249,0.0,0
2026-08-21T12:27:50,PathA_20ms,160.11,LOW,64.416,0.0,0
2026-08-21T12:27:51,PathA_20ms,160.11,VIP,65.098,0.0,1
2026-08-21T12:27:51,PathA_20ms,160.11,MEDIUM,65.038,0.0,0
2026-08-21T12:27:51,PathA_20ms,160.11,LOW,65.019,0.0,0
2026-08-21T12:27:52,PathA_20ms,160.11,VIP,64.358,0.0,1
2026-08-21T12:27:52,PathA_20ms,160.11,MEDIUM,64.357,0.0,0
2026-08-21T12:27:52,PathA_20ms,160.11,LOW,64.208,0.0,0
2026-08-21T12:27:53,PathA_20ms,137.12,VIP,64.796,0.0,1
2026-08-21T12:27:53,PathA_20ms,137.12,MEDIUM,64.791,0.0,0
2026-08-21T12:27:53,PathA_20ms,137.12,LOW,64.794,0.0,0
2026-08-21T12:27:54,PathA_20ms,137.12,VIP,64.285,0.0,1
2026-08-21T12:27:54,PathA_20ms,137.12,MEDIUM,64.283,0.0,0
2026-08-21T12:27:54,PathA_20ms,137.12,LOW,64.285,0.0,0
2026-08-21T12:27:55,PathA_20ms,142.1,VIP,64.204,0.0,1
2026-08-21T12:27:55,PathA_20ms,142.1,MEDIUM,64.264,0.0,0
2026-08-21T12:27:55,PathA_20ms,142.1,LOW,64.273,0.0,0
2026-08-21T12:27:56,PathA_20ms,142.1,VIP,64.169,0.0,1
2026-08-21T12:27:56,PathA_20ms,142.1,MEDIUM,64.162,0.0,0
2026-08-21T12:27:56,PathA_20ms,142.1,LOW,64.149,0.0,0
2026-08-21T12:27:57,PathA_20ms,142.1,VIP,64.152,0.0,1
2026-08-21T12:27:57,PathA_20ms,142.1,MEDIUM,64.148,0.0,0
2026-08-21T12:27:57,PathA_20ms,142.1,LOW,64.144,0.0,0
2026-08-21T12:27:57,PathA_20ms,160.03,VIP,64.477,0.0,1
2026-08-21T12:27:57,PathA_20ms,160.03,MEDIUM,64.36,0.0,0
2026-08-21T12:27:57,PathA_20ms,160.03,LOW,64.385,0.0,0
2026-08-21T12:27:58,PathA_20ms,160.03,VIP,64.27,0.0,1
2026-08-21T12:27:58,PathA_20ms,160.03,MEDIUM,64.256,0.0,0
2026-08-21T12:27:58,PathA_20ms,160.03,LOW,64.367,0.0,0
2026-08-21T12:27:59,PathA_20ms,160.03,VIP,64.233,0.0,1
2026-08-21T12:27:59,PathA_20ms,160.03,MEDIUM,64.528,0.0,0
2026-08-21T12:27:59,PathA_20ms,160.03,LOW,64.227,0.0,0
2026-08-21T12:28:00,PathA_20ms,160.03,VIP,64.613,0.0,1
2026-08-21T12:28:00,PathA_20ms,160.03,MEDIUM,64.58,0.0,0
2026-08-21T12:28:00,PathA_20ms,160.03,LOW,64.608,0.0,0
2026-08-21T12:28:01,PathA_20ms,173.53,VIP,64.216,0.0,1
2026-08-21T12:28:01,PathA_20ms,173.53,MEDIUM,64.205,0.0,0
2026-08-21T12:28:01,PathA_20ms,173.53,LOW,64.258,0.0,0
2026-08-21T12:28:02,PathA_20ms,173.53,VIP,64.252,0.0,1
2026-08-21T12:28:02,PathA_20ms,173.53,MEDIUM,64.242,0.0,0
2026-08-21T12:28:02,PathA_20ms,173.53,LOW,64.304,0.0,0
2026-08-21T12:28:03,PathA_20ms,173.53,VIP,64.775,0.0,1
2026-08-21T12:28:03,PathA_20ms,173.53,MEDIUM,64.949,0.0,0
2026-08-21T12:28:03,PathA_20ms,173.53,LOW,65.03,0.0,0
2026-08-21T12:28:04,PathA_20ms,173.53,VIP,64.472,0.0,1
2026-08-21T12:28:04,PathA_20ms,173.53,MEDIUM,64.432,0.0,0
2026-08-21T12:28:04,PathA_20ms,173.53,LOW,64.419,0.0,0
2026-08-21T12:28:05,PathA_20ms,165.22,VIP,65.96,0.0,1
2026-08-21T12:28:05,PathA_20ms,165.22,MEDIUM,65.977,0.0,0
2026-08-21T12:28:05,PathA_20ms,165.22,LOW,65.978,0.0,0
2026-08-21T12:28:06,PathA_20ms,165.22,VIP,64.219,0.0,1
2026-08-21T12:28:06,PathA_20ms,165.22,MEDIUM,64.216,0.0,0
2026-08-21T12:28:06,PathA_20ms,165.22,LOW,64.335,0.0,0
2026-08-21T12:28:07,PathA_20ms,165.22,VIP,64.251,0.0,1
2026-08-21T12:28:07,PathA_20ms,165.22,MEDIUM,64.26,0.0,0
2026-08-21T12:28:07,PathA_20ms,165.22,LOW,64.241,0.0,0
2026-08-21T12:28:08,PathA_20ms,165.22,VIP,64.132,0.0,1
2026-08-21T12:28:08,PathA_20ms,165.22,MEDIUM,64.119,0.0,0
2026-08-21T12:28:08,PathA_20ms,165.22,LOW,64.165,0.0,0
2026-08-21T12:28:09,PathA_20ms,162.42,VIP,64.15,0.0,1
2026-08-21T12:28:09,PathA_20ms,162.42,MEDIUM,64.158,0.0,0
2026-08-21T12:28:09,PathA_20ms,162.42,LOW,64.203,0.0,0
2026-08-21T12:28:10,PathA_20ms,162.42,VIP,64.239,0.0,1
2026-08-21T12:28:10,PathA_20ms,162.42,MEDIUM,64.292,0.0,0
2026-08-21T12:28:10,PathA_20ms,162.42,LOW,64.285,0.0,0
2026-08-21T12:28:11,PathA_20ms,162.42,VIP,64.288,0.0,1
2026-08-21T12:28:11,PathA_20ms,162.42,MEDIUM,64.312,0.0,0
2026-08-21T12:28:11,PathA_20ms,162.42,LOW,64.312,0.0,0
2026-08-21T12:28:11,PathA_20ms,162.42,VIP,64.935,0.0,1
2026-08-21T12:28:11,PathA_20ms,162.42,MEDIUM,64.949,0.0,0
2026-08-21T12:28:11,PathA_20ms,162.42,LOW,64.936,0.0,0
2026-08-21T12:28:12,PathA_20ms,157.68,VIP,64.876,0.0,1
2026-08-21T12:28:12,PathA_20ms,157.68,MEDIUM,64.935,0.0,0
2026-08-21T12:28:12,PathA_20ms,157.68,LOW,64.967,0.0,0
2026-08-21T12:28:13,PathA_20ms,148.54,VIP,64.581,0.0,1
2026-08-21T12:28:13,PathA_20ms,148.54,MEDIUM,64.644,0.0,0
2026-08-21T12:28:13,PathA_20ms,148.54,LOW,64.664,0.0,0
2026-08-21T12:28:14,PathA_20ms,148.54,VIP,64.241,0.0,1
2026-08-21T12:28:14,PathA_20ms,148.54,MEDIUM,64.234,0.0,0
2026-08-21T12:28:14,PathA_20ms,148.54,LOW,64.272,0.0,0
2026-08-21T12:28:15,PathA_20ms,148.54,VIP,64.208,0.0,1
2026-08-21T12:28:15,PathA_20ms,148.54,MEDIUM,64.204,0.0,0
2026-08-21T12:28:15,PathA_20ms,148.54,LOW,64.221,0.0,0
2026-08-21T12:28:16,PathA_20ms,148.54,VIP,64.167,0.0,1
2026-08-21T12:28:16,PathA_20ms,148.54,MEDIUM,64.15,0.0,0
2026-08-21T12:28:16,PathA_20ms,148.54,LOW,64.196,0.0,0
2026-08-21T12:28:17,PathA_20ms,148.54,VIP,64.572,0.0,1
2026-08-21T12:28:17,PathA_20ms,148.54,MEDIUM,64.582,0.0,0
2026-08-21T12:28:17,PathA_20ms,148.54,LOW,64.577,0.0,0
2026-08-21T12:28:18,PathA_20ms,147.07,VIP,64.152,0.0,1
2026-08-21T12:28:18,PathA_20ms,147.07,MEDIUM,64.153,0.0,0
2026-08-21T12:28:18,PathA_20ms,147.07,LOW,64.136,0.0,0
2026-08-21T12:28:19,PathA_20ms,147.07,VIP,65.189,0.0,1
2026-08-21T12:28:19,PathA_20ms,147.07,MEDIUM,65.157,0.0,0
2026-08-21T12:28:19,PathA_20ms,147.07,LOW,65.193,0.0,0
2026-08-21T12:28:20,PathA_20ms,141.32,VIP,64.232,0.0,1
2026-08-21T12:28:20,PathA_20ms,141.32,MEDIUM,64.226,0.0,0
2026-08-21T12:28:20,PathA_20ms,141.32,LOW,64.239,0.0,0
2026-08-21T12:28:21,PathA_20ms,141.32,VIP,64.153,0.0,1
2026-08-21T12:28:21,PathA_20ms,141.32,MEDIUM,64.205,0.0,0
2026-08-21T12:28:21,PathA_20ms,141.32,LOW,64.221,0.0,0
2026-08-21T12:28:22,PathA_20ms,141.32,VIP,64.186,0.0,1
2026-08-21T12:28:22,PathA_20ms,141.32,MEDIUM,64.182,0.0,0
2026-08-21T12:28:22,PathA_20ms,141.32,LOW,64.223,0.0,0
2026-08-21T12:28:23,PathA_20ms,141.32,VIP,64.882,0.0,1
2026-08-21T12:28:23,PathA_20ms,141.32,MEDIUM,65.013,0.0,0
2026-08-21T12:28:23,PathA_20ms,141.32,LOW,65.095,0.0,0
2026-08-21T12:28:24,PathA_20ms,128.24,VIP,64.203,0.0,1
2026-08-21T12:28:24,PathA_20ms,128.24,MEDIUM,64.183,0.0,0
2026-08-21T12:28:24,PathA_20ms,128.24,LOW,64.208,0.0,0
2026-08-21T12:28:25,PathA_20ms,128.24,VIP,65.899,0.0,1
2026-08-21T12:28:25,PathA_20ms,128.24,MEDIUM,65.639,0.0,0
2026-08-21T12:28:25,PathA_20ms,128.24,LOW,65.845,0.0,0
2026-08-21T12:28:25,PathA_20ms,128.24,VIP,64.49,0.0,1
2026-08-21T12:28:25,PathA_20ms,128.24,MEDIUM,64.466,0.0,0
2026-08-21T12:28:25,PathA_20ms,128.24,LOW,64.48,0.0,0
2026-08-21T12:28:26,PathA_20ms,129.38,VIP,66.336,0.0,1
2026-08-21T12:28:26,PathA_20ms,129.38,MEDIUM,66.361,0.0,0
2026-08-21T12:28:26,PathA_20ms,129.38,LOW,66.389,0.0,0
2026-08-21T12:28:27,PathA_20ms,129.38,VIP,64.628,0.0,1
2026-08-21T12:28:27,PathA_20ms,129.38,MEDIUM,64.255,0.0,0
2026-08-21T12:28:27,PathA_20ms,129.38,LOW,64.63,0.0,0
2026-08-21T12:28:28,PathA_20ms,142.22,VIP,64.293,0.0,1
2026-08-21T12:28:28,PathA_20ms,142.22,MEDIUM,64.282,0.0,0
2026-08-21T12:28:28,PathA_20ms,142.22,LOW,64.293,0.0,0
2026-08-21T12:28:29,PathA_20ms,142.22,VIP,64.213,0.0,1
2026-08-21T12:28:29,PathA_20ms,142.22,MEDIUM,64.25,0.0,0
2026-08-21T12:28:29,PathA_20ms,142.22,LOW,64.251,0.0,0
2026-08-21T12:28:30,PathA_20ms,142.22,VIP,64.221,0.0,1
2026-08-21T12:28:30,PathA_20ms,142.22,MEDIUM,64.198,0.0,0
2026-08-21T12:28:30,PathA_20ms,142.22,LOW,64.219,0.0,0
2026-08-21T12:28:31,PathA_20ms,142.22,VIP,64.349,0.0,1
2026-08-21T12:28:31,PathA_20ms,142.22,MEDIUM,64.237,0.0,0
2026-08-21T12:28:31,PathA_20ms,142.22,LOW,64.316,0.0,0
2026-08-21T12:28:32,PathA_20ms,142.22,VIP,71.959,0.0,1
2026-08-21T12:28:32,PathA_20ms,142.22,MEDIUM,69.484,0.0,0
2026-08-21T12:28:32,PathA_20ms,142.22,LOW,71.953,0.0,0
2026-08-21T12:28:33,PathA_20ms,145.97,VIP,67.184,0.0,1
2026-08-21T12:28:33,PathA_20ms,145.97,MEDIUM,67.087,0.0,0
2026-08-21T12:28:33,PathA_20ms,145.97,LOW,67.105,0.0,0
2026-08-21T12:28:34,PathA_20ms,152.85,VIP,64.204,0.0,1
2026-08-21T12:28:34,PathA_20ms,152.85,MEDIUM,64.184,0.0,0
2026-08-21T12:28:34,PathA_20ms,152.85,LOW,64.244,0.0,0
2026-08-21T12:28:35,PathA_20ms,152.85,VIP,65.098,0.0,1
2026-08-21T12:28:35,PathA_20ms,152.85,MEDIUM,65.164,0.0,0
2026-08-21T12:28:35,PathA_20ms,152.85,LOW,65.267,0.0,0
2026-08-21T12:28:36,PathA_20ms,152.85,VIP,65.542,0.0,1
2026-08-21T12:28:36,PathA_20ms,152.85,MEDIUM,65.835,0.0,0
2026-08-21T12:28:36,PathA_20ms,152.85,LOW,65.832,0.0,0
2026-08-21T12:28:37,PathA_20ms,152.85,VIP,66.61,0.0,1
2026-08-21T12:28:37,PathA_20ms,152.85,MEDIUM,66.611,0.0,0
2026-08-21T12:28:37,PathA_20ms,152.85,LOW,66.463,0.0,0
2026-08-21T12:28:38,PathA_20ms,160.39,VIP,66.12,0.0,1
2026-08-21T12:28:38,PathA_20ms,160.39,MEDIUM,66.134,0.0,0
2026-08-21T12:28:38,PathA_20ms,160.39,LOW,66.119,0.0,0
2026-08-21T12:28:39,PathA_20ms,162.06,VIP,64.28,0.0,1
2026-08-21T12:28:39,PathA_20ms,162.06,MEDIUM,64.215,0.0,0
2026-08-21T12:28:39,PathA_20ms,162.06,LOW,64.27,0.0,0
2026-08-21T12:28:39,PathA_20ms,162.06,VIP,64.228,0.0,1
2026-08-21T12:28:39,PathA_20ms,162.06,MEDIUM,64.245,0.0,0
2026-08-21T12:28:39,PathA_20ms,162.06,LOW,64.247,0.0,0
2026-08-21T12:28:40,PathA_20ms,162.06,VIP,64.196,0.0,1
2026-08-21T12:28:40,PathA_20ms,162.06,MEDIUM,64.195,0.0,0
2026-08-21T12:28:40,PathA_20ms,162.06,LOW,64.178,0.0,0
2026-08-21T12:28:41,PathA_20ms,162.06,VIP,65.156,0.0,1
2026-08-21T12:28:41,PathA_20ms,162.06,MEDIUM,65.335,0.0,0
2026-08-21T12:28:41,PathA_20ms,162.06,LOW,65.139,0.0,0
2026-08-21T12:28:42,PathA_20ms,174.22,VIP,64.459,0.0,1
2026-08-21T12:28:42,PathA_20ms,174.22,MEDIUM,64.509,0.0,0
2026-08-21T12:28:42,PathA_20ms,174.22,LOW,64.514,0.0,0
2026-08-21T12:28:43,PathA_20ms,174.22,VIP,64.184,0.0,1
2026-08-21T12:28:43,PathA_20ms,174.22,MEDIUM,64.164,0.0,0
2026-08-21T12:28:43,PathA_20ms,174.22,LOW,64.195,0.0,0
2026-08-21T12:28:44,PathA_20ms,151.23,VIP,64.698,0.0,1
2026-08-21T12:28:44,PathA_20ms,151.23,MEDIUM,64.721,0.0,0
2026-08-21T12:28:44,PathA_20ms,151.23,LOW,64.788,0.0,0
2026-08-21T12:28:45,PathA_20ms,151.23,VIP,64.213,0.0,1
2026-08-21T12:28:45,PathA_20ms,151.23,MEDIUM,64.253,0.0,0
2026-08-21T12:28:45,PathA_20ms,151.23,LOW,64.279,0.0,0
2026-08-21T12:28:46,PathA_20ms,151.23,VIP,64.41,0.0,1
2026-08-21T12:28:46,PathA_20ms,151.23,MEDIUM,64.422,0.0,0
2026-08-21T12:28:46,PathA_20ms,151.23,LOW,64.452,0.0,0
2026-08-21T12:28:47,PathA_20ms,151.23,VIP,64.263,0.0,1
2026-08-21T12:28:47,PathA_20ms,151.23,MEDIUM,64.231,0.0,0
2026-08-21T12:28:47,PathA_20ms,151.23,LOW,64.242,0.0,0
2026-08-21T12:28:48,PathA_20ms,151.23,VIP,65.287,0.0,1
2026-08-21T12:28:48,PathA_20ms,151.23,MEDIUM,66.008,0.0,0
2026-08-21T12:28:48,PathA_20ms,151.23,LOW,65.374,0.0,0
2026-08-21T12:28:49,PathA_20ms,150.76,VIP,68.952,0.0,1
2026-08-21T12:28:49,PathA_20ms,150.76,MEDIUM,68.939,0.0,0
2026-08-21T12:28:49,PathA_20ms,150.76,LOW,68.94,0.0,0
2026-08-21T12:28:50,PathA_20ms,136.06,VIP,64.178,0.0,1
2026-08-21T12:28:50,PathA_20ms,136.06,MEDIUM,64.177,0.0,0
2026-08-21T12:28:50,PathA_20ms,136.06,LOW,64.168,0.0,0
2026-08-21T12:28:51,PathA_20ms,136.06,VIP,64.263,0.0,1
2026-08-21T12:28:51,PathA_20ms,136.06,MEDIUM,64.23,0.0,0
2026-08-21T12:28:51,PathA_20ms,136.06,LOW,64.313,0.0,0
2026-08-21T12:28:52,PathA_20ms,136.06,VIP,64.386,0.0,1
2026-08-21T12:28:52,PathA_20ms,136.06,MEDIUM,64.455,0.0,0
2026-08-21T12:28:52,PathA_20ms,136.06,LOW,64.418,0.0,0
2026-08-21T12:28:53,PathA_20ms,136.06,VIP,64.341,0.0,1
2026-08-21T12:28:53,PathA_20ms,136.06,MEDIUM,64.341,0.0,0
2026-08-21T12:28:53,PathA_20ms,136.06,LOW,64.352,0.0,0
2026-08-21T12:28:53,PathA_20ms,136.06,VIP,64.785,0.0,1
2026-08-21T12:28:53,PathA_20ms,136.06,MEDIUM,64.767,0.0,0
2026-08-21T12:28:53,PathA_20ms,136.06,LOW,64.708,0.0,0
2026-08-21T12:28:54,PathA_20ms,136.06,VIP,66.926,0.0,1
2026-08-21T12:28:54,PathA_20ms,136.06,MEDIUM,66.927,0.0,0
2026-08-21T12:28:54,PathA_20ms,136.06,LOW,65.615,0.0,0
2026-08-21T12:28:55,PathA_20ms,149.6,VIP,67.227,0.0,1
2026-08-21T12:28:55,PathA_20ms,149.6,MEDIUM,67.078,0.0,0
2026-08-21T12:28:55,PathA_20ms,149.6,LOW,66.71,0.0,0
2026-08-21T12:28:56,PathA_20ms,156.15,VIP,64.224,0.0,1
2026-08-21T12:28:56,PathA_20ms,156.15,MEDIUM,64.244,0.0,0
2026-08-21T12:28:56,PathA_20ms,156.15,LOW,64.27,0.0,0
2026-08-21T12:28:57,PathA_20ms,156.15,VIP,66.197,0.0,1
2026-08-21T12:28:57,PathA_20ms,156.15,MEDIUM,66.207,0.0,0
2026-08-21T12:28:57,PathA_20ms,156.15,LOW,66.249,0.0,0
2026-08-21T12:28:58,PathA_20ms,156.15,VIP,65.261,0.0,1
2026-08-21T12:28:58,PathA_20ms,156.15,MEDIUM,65.517,0.0,0
2026-08-21T12:28:58,PathA_20ms,156.15,LOW,65.584,0.0,0
2026-08-21T12:28:59,PathA_20ms,156.15,VIP,66.512,0.0,1
2026-08-21T12:28:59,PathA_20ms,156.15,MEDIUM,66.594,0.0,0
2026-08-21T12:28:59,PathA_20ms,156.15,LOW,66.082,0.0,0
2026-08-21T12:29:00,PathA_20ms,161.38,VIP,65.798,0.0,1
2026-08-21T12:29:00,PathA_20ms,161.38,MEDIUM,65.841,0.0,0
2026-08-21T12:29:00,PathA_20ms,161.38,LOW,65.764,0.0,0
2026-08-21T12:29:01,PathA_20ms,169.78,VIP,64.236,0.0,1
2026-08-21T12:29:01,PathA_20ms,169.78,MEDIUM,64.231,0.0,0
2026-08-21T12:29:01,PathA_20ms,169.78,LOW,64.266,0.0,0
2026-08-21T12:29:02,PathA_20ms,169.78,VIP,64.219,0.0,1
2026-08-21T12:29:02,PathA_20ms,169.78,MEDIUM,64.229,0.0,0
2026-08-21T12:29:02,PathA_20ms,169.78,LOW,64.255,0.0,0
2026-08-21T12:29:03,PathA_20ms,169.78,VIP,64.309,0.0,1
2026-08-21T12:29:03,PathA_20ms,169.78,MEDIUM,64.314,0.0,0
2026-08-21T12:29:03,PathA_20ms,169.78,LOW,64.304,0.0,0
2026-08-21T12:29:04,PathA_20ms,169.78,VIP,64.263,0.0,1
2026-08-21T12:29:04,PathA_20ms,169.78,MEDIUM,64.262,0.0,0
2026-08-21T12:29:04,PathA_20ms,169.78,LOW,64.723,0.0,0
2026-08-21T12:29:05,PathA_20ms,169.78,VIP,65.999,0.0,1
2026-08-21T12:29:05,PathA_20ms,169.78,MEDIUM,66.133,0.0,0
2026-08-21T12:29:05,PathA_20ms,169.78,LOW,66.162,0.0,0
2026-08-21T12:29:06,PathA_20ms,169.78,VIP,68.189,0.0,1
2026-08-21T12:29:06,PathA_20ms,169.78,MEDIUM,68.716,0.0,0
2026-08-21T12:29:06,PathA_20ms,169.78,LOW,68.65,0.0,0
2026-08-21T12:29:07,PathA_20ms,159.77,VIP,65.541,0.0,1
2026-08-21T12:29:07,PathA_20ms,159.77,MEDIUM,65.978,0.0,0
2026-08-21T12:29:07,PathA_20ms,159.77,LOW,65.978,0.0,0
2026-08-21T12:29:07,PathA_20ms,159.77,VIP,64.224,0.0,1
2026-08-21T12:29:07,PathA_20ms,159.77,MEDIUM,64.215,0.0,0
2026-08-21T12:29:07,PathA_20ms,159.77,LOW,64.272,0.0,0
2026-08-21T12:29:08,PathA_20ms,159.77,VIP,64.204,0.0,1
2026-08-21T12:29:08,PathA_20ms,159.77,MEDIUM,64.286,0.0,0
2026-08-21T12:29:08,PathA_20ms,159.77,LOW,64.256,0.0,0
2026-08-21T12:29:09,PathA_20ms,159.77,VIP,64.276,0.0,1
2026-08-21T12:29:09,PathA_20ms,159.77,MEDIUM,64.245,0.0,0
2026-08-21T12:29:09,PathA_20ms,159.77,LOW,64.276,0.0,0
2026-08-21T12:29:10,PathA_20ms,159.77,VIP,64.293,0.0,1
2026-08-21T12:29:10,PathA_20ms,159.77,MEDIUM,64.275,0.0,0
2026-08-21T12:29:10,PathA_20ms,159.77,LOW,64.28,0.0,0
2026-08-21T12:29:11,PathA_20ms,159.77,VIP,64.25,0.0,1
2026-08-21T12:29:11,PathA_20ms,159.77,MEDIUM,64.263,0.0,0
2026-08-21T12:29:11,PathA_20ms,159.77,LOW,64.282,0.0,0
2026-08-21T12:29:12,PathA_20ms,159.77,VIP,66.491,0.0,1
2026-08-21T12:29:12,PathA_20ms,159.77,MEDIUM,66.468,0.0,0
2026-08-21T12:29:12,PathA_20ms,159.77,LOW,66.505,0.0,0
2026-08-21T12:29:13,PathA_20ms,159.77,VIP,67.786,0.0,1
2026-08-21T12:29:13,PathA_20ms,159.77,MEDIUM,67.794,0.0,0
2026-08-21T12:29:13,PathA_20ms,159.77,LOW,67.668,0.0,0
2026-08-21T12:29:14,PathA_20ms,147.3,VIP,66.525,0.0,1
2026-08-21T12:29:14,PathA_20ms,147.3,MEDIUM,66.15,0.0,0
2026-08-21T12:29:14,PathA_20ms,147.3,LOW,66.355,0.0,0
2026-08-21T12:29:15,PathA_20ms,147.3,VIP,64.255,0.0,1
2026-08-21T12:29:15,PathA_20ms,147.3,MEDIUM,64.368,0.0,0
2026-08-21T12:29:15,PathA_20ms,147.3,LOW,64.305,0.0,0
2026-08-21T12:29:16,PathA_20ms,147.3,VIP,64.207,0.0,1
2026-08-21T12:29:16,PathA_20ms,147.3,MEDIUM,64.227,0.0,0
2026-08-21T12:29:16,PathA_20ms,147.3,LOW,64.271,0.0,0
2026-08-21T12:29:17,PathA_20ms,147.3,VIP,64.19,0.0,1
2026-08-21T12:29:17,PathA_20ms,147.3,MEDIUM,64.194,0.0,0
2026-08-21T12:29:17,PathA_20ms,147.3,LOW,64.2,0.0,0
2026-08-21T12:29:18,PathA_20ms,147.3,VIP,64.138,0.0,1
2026-08-21T12:29:18,PathA_20ms,147.3,MEDIUM,64.135,0.0,0
2026-08-21T12:29:18,PathA_20ms,147.3,LOW,64.171,0.0,0
2026-08-21T12:29:19,PathA_20ms,142.26,VIP,64.491,0.0,1
2026-08-21T12:29:19,PathA_20ms,142.26,MEDIUM,64.282,0.0,0
2026-08-21T12:29:19,PathA_20ms,142.26,LOW,64.372,0.0,0
2026-08-21T12:29:20,PathA_20ms,142.26,VIP,64.448,0.0,1
2026-08-21T12:29:20,PathA_20ms,142.26,MEDIUM,64.446,0.0,0
2026-08-21T12:29:20,PathA_20ms,142.26,LOW,64.638,0.0,0
2026-08-21T12:29:21,PathA_20ms,134.17,VIP,64.244,0.0,1
2026-08-21T12:29:21,PathA_20ms,134.17,MEDIUM,64.201,0.0,0
2026-08-21T12:29:21,PathA_20ms,134.17,LOW,64.22,0.0,0
2026-08-21T12:29:22,PathA_20ms,134.17,VIP,65.243,0.0,1
2026-08-21T12:29:22,PathA_20ms,134.17,MEDIUM,65.457,0.0,0
2026-08-21T12:29:22,PathA_20ms,134.17,LOW,65.443,0.0,0
2026-08-21T12:29:22,PathA_20ms,134.17,VIP,64.779,0.0,1
2026-08-21T12:29:22,PathA_20ms,134.17,MEDIUM,64.78,0.0,0
2026-08-21T12:29:22,PathA_20ms,134.17,LOW,64.759,0.0,0
2026-08-21T12:29:23,PathA_20ms,157.74,VIP,65.01,0.0,1
2026-08-21T12:29:23,PathA_20ms,157.74,MEDIUM,64.86,0.0,0
2026-08-21T12:29:23,PathA_20ms,157.74,LOW,65.039,0.0,0
2026-08-21T12:29:24,PathA_20ms,157.74,VIP,64.301,0.0,1
2026-08-21T12:29:24,PathA_20ms,157.74,MEDIUM,64.29,0.0,0
2026-08-21T12:29:24,PathA_20ms,157.74,LOW,64.298,0.0,0
2026-08-21T12:29:25,PathA_20ms,157.74,VIP,65.292,0.0,1
2026-08-21T12:29:25,PathA_20ms,157.74,MEDIUM,65.273,0.0,0
2026-08-21T12:29:25,PathA_20ms,157.74,LOW,65.353,0.0,0
2026-08-21T12:29:26,PathA_20ms,170.18,VIP,64.856,0.0,1
2026-08-21T12:29:26,PathA_20ms,170.18,MEDIUM,64.887,0.0,0
2026-08-21T12:29:26,PathA_20ms,170.18,LOW,65.639,0.0,0
2026-08-21T12:29:27,PathA_20ms,170.18,VIP,64.224,0.0,1
2026-08-21T12:29:27,PathA_20ms,170.18,MEDIUM,64.215,0.0,0
2026-08-21T12:29:27,PathA_20ms,170.18,LOW,64.297,0.0,0
2026-08-21T12:29:28,PathA_20ms,170.18,VIP,65.219,0.0,1
2026-08-21T12:29:28,PathA_20ms,170.18,MEDIUM,64.58,0.0,0
2026-08-21T12:29:28,PathA_20ms,170.18,LOW,64.386,0.0,0
2026-08-21T12:29:29,PathA_20ms,170.18,VIP,68.961,0.0,1
2026-08-21T12:29:29,PathA_20ms,170.18,MEDIUM,68.68,0.0,0
2026-08-21T12:29:29,PathA_20ms,170.18,LOW,70.357,0.0,0
2026-08-21T12:29:30,PathA_20ms,138.67,VIP,66.219,0.0,1
2026-08-21T12:29:30,PathA_20ms,138.67,MEDIUM,65.778,0.0,0
2026-08-21T12:29:30,PathA_20ms,138.67,LOW,66.116,0.0,0
2026-08-21T12:29:31,PathA_20ms,138.67,VIP,64.205,0.0,1
2026-08-21T12:29:31,PathA_20ms,138.67,MEDIUM,64.196,0.0,0
2026-08-21T12:29:31,PathA_20ms,138.67,LOW,64.187,0.0,0
2026-08-21T12:29:32,PathA_20ms,138.67,VIP,64.227,0.0,1
2026-08-21T12:29:32,PathA_20ms,138.67,MEDIUM,64.236,0.0,0
2026-08-21T12:29:32,PathA_20ms,138.67,LOW,64.247,0.0,0
2026-08-21T12:29:33,PathA_20ms,138.67,VIP,64.588,0.0,1
2026-08-21T12:29:33,PathA_20ms,138.67,MEDIUM,64.692,0.0,0
2026-08-21T12:29:33,PathA_20ms,138.67,LOW,64.686,0.0,0
2026-08-21T12:29:34,PathA_20ms,138.67,VIP,64.238,0.0,1
2026-08-21T12:29:34,PathA_20ms,138.67,MEDIUM,64.239,0.0,0
2026-08-21T12:29:34,PathA_20ms,138.67,LOW,64.375,0.0,0
2026-08-21T12:29:35,PathA_20ms,138.67,VIP,68.262,0.0,1
2026-08-21T12:29:35,PathA_20ms,138.67,MEDIUM,68.213,0.0,0
2026-08-21T12:29:35,PathA_20ms,138.67,LOW,67.47,0.0,0
2026-08-21T12:29:36,PathA_20ms,138.67,VIP,70.731,0.0,1
2026-08-21T12:29:36,PathA_20ms,138.67,MEDIUM,70.697,0.0,0
2026-08-21T12:29:36,PathA_20ms,138.67,LOW,70.707,0.0,0
2026-08-21T12:29:36,PathA_20ms,177.09,VIP,69.505,0.0,1
2026-08-21T12:29:36,PathA_20ms,177.09,MEDIUM,69.46,0.0,0
2026-08-21T12:29:36,PathA_20ms,177.09,LOW,69.342,0.0,0
2026-08-21T12:29:37,PathA_20ms,177.09,VIP,64.246,0.0,1
2026-08-21T12:29:37,PathA_20ms,177.09,MEDIUM,64.225,0.0,0
2026-08-21T12:29:37,PathA_20ms,177.09,LOW,64.347,0.0,0
2026-08-21T12:29:38,PathA_20ms,177.09,VIP,64.261,0.0,1
2026-08-21T12:29:38,PathA_20ms,177.09,MEDIUM,64.215,0.0,0
2026-08-21T12:29:38,PathA_20ms,177.09,LOW,64.269,0.0,0
2026-08-21T12:29:39,PathA_20ms,177.09,VIP,64.253,0.0,1
2026-08-21T12:29:39,PathA_20ms,177.09,MEDIUM,64.265,0.0,0
2026-08-21T12:29:39,PathA_20ms,177.09,LOW,64.363,0.0,0
2026-08-21T12:29:40,PathA_20ms,177.09,VIP,64.522,0.0,1
2026-08-21T12:29:40,PathA_20ms,177.09,MEDIUM,64.303,0.0,0
2026-08-21T12:29:40,PathA_20ms,177.09,LOW,64.531,0.0,0
2026-08-21T12:29:41,PathA_20ms,177.09,VIP,68.92,0.0,1
2026-08-21T12:29:41,PathA_20ms,177.09,MEDIUM,69.167,0.0,0
2026-08-21T12:29:41,PathA_20ms,177.09,LOW,67.521,0.0,0
2026-08-21T12:29:42,PathA_20ms,171.44,VIP,65.277,0.0,1
2026-08-21T12:29:42,PathA_20ms,171.44,MEDIUM,65.261,0.0,0
2026-08-21T12:29:42,PathA_20ms,171.44,LOW,65.277,0.0,0
2026-08-21T12:29:43,PathA_20ms,168.54,VIP,64.231,0.0,1
2026-08-21T12:29:43,PathA_20ms,168.54,MEDIUM,64.215,0.0,0
2026-08-21T12:29:43,PathA_20ms,168.54,LOW,64.254,0.0,0
2026-08-21T12:29:44,PathA_20ms,168.54,VIP,64.443,0.0,1
2026-08-21T12:29:44,PathA_20ms,168.54,MEDIUM,64.658,0.0,0
2026-08-21T12:29:44,PathA_20ms,168.54,LOW,66.111,0.0,0
2026-08-21T12:29:45,PathA_20ms,168.54,VIP,64.263,0.0,1
2026-08-21T12:29:45,PathA_20ms,168.54,MEDIUM,64.23,0.0,0
2026-08-21T12:29:45,PathA_20ms,168.54,LOW,64.218,0.0,0
2026-08-21T12:29:46,PathA_20ms,168.54,VIP,65.955,0.0,1
2026-08-21T12:29:46,PathA_20ms,168.54,MEDIUM,65.803,0.0,0
2026-08-21T12:29:46,PathA_20ms,168.54,LOW,65.956,0.0,0
2026-08-21T12:29:47,PathA_20ms,158.56,VIP,67.467,0.0,1
2026-08-21T12:29:47,PathA_20ms,158.56,MEDIUM,67.495,0.0,0
2026-08-21T12:29:47,PathA_20ms,158.56,LOW,67.495,0.0,0
2026-08-21T12:29:48,PathA_20ms,136.23,VIP,64.479,0.0,1
2026-08-21T12:29:48,PathA_20ms,136.23,MEDIUM,64.445,0.0,0
2026-08-21T12:29:48,PathA_20ms,136.23,LOW,64.488,0.0,0
2026-08-21T12:29:49,PathA_20ms,136.23,VIP,64.216,0.0,1
2026-08-21T12:29:49,PathA_20ms,136.23,MEDIUM,64.204,0.0,0
2026-08-21T12:29:49,PathA_20ms,136.23,LOW,64.255,0.0,0
2026-08-21T12:29:50,PathA_20ms,136.23,VIP,64.167,0.0,1
2026-08-21T12:29:50,PathA_20ms,136.23,MEDIUM,64.164,0.0,0
2026-08-21T12:29:50,PathA_20ms,136.23,LOW,64.21,0.0,0
2026-08-21T12:29:51,PathA_20ms,136.23,VIP,68.054,0.0,1
2026-08-21T12:29:51,PathA_20ms,136.23,MEDIUM,68.111,0.0,0
2026-08-21T12:29:51,PathA_20ms,136.23,LOW,68.1,0.0,0
2026-08-21T12:29:51,PathA_20ms,146.03,VIP,67.868,0.0,1
2026-08-21T12:29:51,PathA_20ms,146.03,MEDIUM,67.907,0.0,0
2026-08-21T12:29:51,PathA_20ms,146.03,LOW,67.852,0.0,0
2026-08-21T12:29:52,PathA_20ms,153.34,VIP,64.145,0.0,1
2026-08-21T12:29:52,PathA_20ms,153.34,MEDIUM,64.238,0.0,0
2026-08-21T12:29:52,PathA_20ms,153.34,LOW,64.228,0.0,0
2026-08-21T12:29:53,PathA_20ms,153.34,VIP,64.2,0.0,1
2026-08-21T12:29:53,PathA_20ms,153.34,MEDIUM,64.248,0.0,0
2026-08-21T12:29:53,PathA_20ms,153.34,LOW,64.271,0.0,0
2026-08-21T12:29:54,PathA_20ms,153.34,VIP,64.228,0.0,1
2026-08-21T12:29:54,PathA_20ms,153.34,MEDIUM,64.198,0.0,0
2026-08-21T12:29:54,PathA_20ms,153.34,LOW,64.195,0.0,0
2026-08-21T12:29:55,PathA_20ms,153.34,VIP,65.816,0.0,1
2026-08-21T12:29:55,PathA_20ms,153.34,MEDIUM,65.666,0.0,0
2026-08-21T12:29:55,PathA_20ms,153.34,LOW,65.814,0.0,0
2026-08-21T12:29:56,PathA_20ms,143.61,VIP,66.6,0.0,1
2026-08-21T12:29:56,PathA_20ms,143.61,MEDIUM,66.6,0.0,0
2026-08-21T12:29:56,PathA_20ms,143.61,LOW,66.365,0.0,0
2026-08-21T12:29:57,PathA_20ms,143.61,VIP,64.365,0.0,1
2026-08-21T12:29:57,PathA_20ms,143.61,MEDIUM,64.305,0.0,0
2026-08-21T12:29:57,PathA_20ms,143.61,LOW,64.447,0.0,0
2026-08-21T12:29:58,PathA_20ms,145.4,VIP,64.35,0.0,1
2026-08-21T12:29:58,PathA_20ms,145.4,MEDIUM,64.291,0.0,0
2026-08-21T12:29:58,PathA_20ms,145.4,LOW,64.304,0.0,0
2026-08-21T12:29:59,PathA_20ms,145.4,VIP,64.195,0.0,1
2026-08-21T12:29:59,PathA_20ms,145.4,MEDIUM,64.223,0.0,0
2026-08-21T12:29:59,PathA_20ms,145.4,LOW,64.243,0.0,0
2026-08-21T12:30:00,PathA_20ms,145.4,VIP,64.15,0.0,1
2026-08-21T12:30:00,PathA_20ms,145.4,MEDIUM,64.207,0.0,0
2026-08-21T12:30:00,PathA_20ms,145.4,LOW,64.16,0.0,0
2026-08-21T12:30:01,PathA_20ms,145.4,VIP,64.708,0.0,1
2026-08-21T12:30:01,PathA_20ms,145.4,MEDIUM,64.656,0.0,0
2026-08-21T12:30:01,PathA_20ms,145.4,LOW,64.698,0.0,0
2026-08-21T12:30:02,PathA_20ms,145.75,VIP,67.369,0.0,1
2026-08-21T12:30:02,PathA_20ms,145.75,MEDIUM,67.369,0.0,0
2026-08-21T12:30:02,PathA_20ms,145.75,LOW,67.277,0.0,0
2026-08-21T12:30:03,PathA_20ms,145.75,VIP,64.136,0.0,1
2026-08-21T12:30:03,PathA_20ms,145.75,MEDIUM,64.139,0.0,0
2026-08-21T12:30:03,PathA_20ms,145.75,LOW,64.126,0.0,0
2026-08-21T12:30:04,PathA_20ms,163.01,VIP,64.188,0.0,1
2026-08-21T12:30:04,PathA_20ms,163.01,MEDIUM,64.179,0.0,0
2026-08-21T12:30:04,PathA_20ms,163.01,LOW,64.208,0.0,0
2026-08-21T12:30:05,PathA_20ms,163.01,VIP,64.165,0.0,1
2026-08-21T12:30:05,PathA_20ms,163.01,MEDIUM,64.143,0.0,0
2026-08-21T12:30:05,PathA_20ms,163.01,LOW,64.194,0.0,0
2026-08-21T12:30:05,PathA_20ms,163.01,VIP,64.656,0.0,1
2026-08-21T12:30:05,PathA_20ms,163.01,MEDIUM,64.656,0.0,0
2026-08-21T12:30:05,PathA_20ms,163.01,LOW,64.78,0.0,0
2026-08-21T12:30:06,PathA_20ms,169.06,VIP,64.216,0.0,1
2026-08-21T12:30:06,PathA_20ms,169.06,MEDIUM,64.204,0.0,0
2026-08-21T12:30:06,PathA_20ms,169.06,LOW,64.229,0.0,0
2026-08-21T12:30:07,PathA_20ms,169.06,VIP,64.229,0.0,1
2026-08-21T12:30:07,PathA_20ms,169.06,MEDIUM,64.218,0.0,0
2026-08-21T12:30:07,PathA_20ms,169.06,LOW,64.251,0.0,0
2026-08-21T12:30:08,PathA_20ms,169.06,VIP,64.167,0.0,1
2026-08-21T12:30:08,PathA_20ms,169.06,MEDIUM,64.25,0.0,0
2026-08-21T12:30:08,PathA_20ms,169.06,LOW,65.822,0.0,0
2026-08-21T12:30:09,PathA_20ms,169.06,VIP,64.137,0.0,1
2026-08-21T12:30:09,PathA_20ms,169.06,MEDIUM,64.143,0.0,0
2026-08-21T12:30:09,PathA_20ms,169.06,LOW,64.129,0.0,0
2026-08-21T12:30:10,PathA_20ms,169.06,VIP,66.355,0.0,1
2026-08-21T12:30:10,PathA_20ms,169.06,MEDIUM,66.234,0.0,0
2026-08-21T12:30:10,PathA_20ms,169.06,LOW,66.328,0.0,0
2026-08-21T12:30:11,PathA_20ms,149.33,VIP,65.675,0.0,1
2026-08-21T12:30:11,PathA_20ms,149.33,MEDIUM,65.702,0.0,0
2026-08-21T12:30:11,PathA_20ms,149.33,LOW,65.731,0.0,0
2026-08-21T12:30:12,PathA_20ms,145.05,VIP,65.133,0.0,1
2026-08-21T12:30:12,PathA_20ms,145.05,MEDIUM,65.114,0.0,0
2026-08-21T12:30:12,PathA_20ms,145.05,LOW,65.134,0.0,0
2026-08-21T12:30:13,PathA_20ms,145.05,VIP,64.274,0.0,1
2026-08-21T12:30:13,PathA_20ms,145.05,MEDIUM,64.278,0.0,0
2026-08-21T12:30:13,PathA_20ms,145.05,LOW,64.235,0.0,0
2026-08-21T12:30:14,PathA_20ms,145.05,VIP,64.774,0.0,1
2026-08-21T12:30:14,PathA_20ms,145.05,MEDIUM,64.718,0.0,0
2026-08-21T12:30:14,PathA_20ms,145.05,LOW,64.732,0.0,0
2026-08-21T12:30:15,PathA_20ms,145.05,VIP,64.883,0.0,1
2026-08-21T12:30:15,PathA_20ms,145.05,MEDIUM,66.143,0.0,0
2026-08-21T12:30:15,PathA_20ms,145.05,LOW,65.162,0.0,0
2026-08-21T12:30:16,PathA_20ms,139.97,VIP,64.209,0.0,1
2026-08-21T12:30:16,PathA_20ms,139.97,MEDIUM,64.246,0.0,0
2026-08-21T12:30:16,PathA_20ms,139.97,LOW,64.268,0.0,0
2026-08-21T12:30:17,PathA_20ms,139.97,VIP,64.164,0.0,1
2026-08-21T12:30:17,PathA_20ms,139.97,MEDIUM,64.218,0.0,0
2026-08-21T12:30:17,PathA_20ms,139.97,LOW,64.28,0.0,0
2026-08-21T12:30:18,PathA_20ms,139.97,VIP,64.174,0.0,1
2026-08-21T12:30:18,PathA_20ms,139.97,MEDIUM,64.202,0.0,0
2026-08-21T12:30:18,PathA_20ms,139.97,LOW,64.229,0.0,0
2026-08-21T12:30:19,PathA_20ms,139.97,VIP,64.141,0.0,1
2026-08-21T12:30:19,PathA_20ms,139.97,MEDIUM,64.167,0.0,0
2026-08-21T12:30:19,PathA_20ms,139.97,LOW,64.173,0.0,0
2026-08-21T12:30:19,PathA_20ms,164.35,VIP,66.017,0.0,1
2026-08-21T12:30:19,PathA_20ms,164.35,MEDIUM,66.018,0.0,0
2026-08-21T12:30:19,PathA_20ms,164.35,LOW,65.97,0.0,0
2026-08-21T12:30:20,PathA_20ms,164.35,VIP,65.189,0.0,1
2026-08-21T12:30:20,PathA_20ms,164.35,MEDIUM,65.02,0.0,0
2026-08-21T12:30:20,PathA_20ms,164.35,LOW,65.192,0.0,0
2026-08-21T12:30:21,PathA_20ms,174.99,VIP,64.274,0.0,1
2026-08-21T12:30:21,PathA_20ms,174.99,MEDIUM,65.05,0.0,0
2026-08-21T12:30:21,PathA_20ms,174.99,LOW,64.501,0.0,0
2026-08-21T12:30:22,PathA_20ms,174.99,VIP,64.233,0.0,1
2026-08-21T12:30:22,PathA_20ms,174.99,MEDIUM,64.21,0.0,0
2026-08-21T12:30:22,PathA_20ms,174.99,LOW,64.268,0.0,0
2026-08-21T12:30:23,PathA_20ms,174.99,VIP,64.245,0.0,1
2026-08-21T12:30:23,PathA_20ms,174.99,MEDIUM,64.211,0.0,0
2026-08-21T12:30:23,PathA_20ms,174.99,LOW,64.223,0.0,0
2026-08-21T12:30:24,PathA_20ms,174.99,VIP,64.161,0.0,1
2026-08-21T12:30:24,PathA_20ms,174.99,MEDIUM,64.163,0.0,0
2026-08-21T12:30:24,PathA_20ms,174.99,LOW,64.194,0.0,0
2026-08-21T12:30:25,PathA_20ms,153.81,VIP,65.038,0.0,1
2026-08-21T12:30:25,PathA_20ms,153.81,MEDIUM,64.979,0.0,0
2026-08-21T12:30:25,PathA_20ms,153.81,LOW,65.709,0.0,0
2026-08-21T12:30:26,PathA_20ms,153.81,VIP,64.183,0.0,1
2026-08-21T12:30:26,PathA_20ms,153.81,MEDIUM,64.25,0.0,0
2026-08-21T12:30:26,PathA_20ms,153.81,LOW,64.178,0.0,0
2026-08-21T12:30:27,PathA_20ms,155.43,VIP,64.175,0.0,1
2026-08-21T12:30:27,PathA_20ms,155.43,MEDIUM,64.16,0.0,0
2026-08-21T12:30:27,PathA_20ms,155.43,LOW,64.164,0.0,0
2026-08-21T12:30:28,PathA_20ms,155.43,VIP,64.281,0.0,1
2026-08-21T12:30:28,PathA_20ms,155.43,MEDIUM,64.22,0.0,0
2026-08-21T12:30:28,PathA_20ms,155.43,LOW,64.257,0.0,0
2026-08-21T12:30:29,PathA_20ms,155.43,VIP,64.252,0.0,1
2026-08-21T12:30:29,PathA_20ms,155.43,MEDIUM,64.235,0.0,0
2026-08-21T12:30:29,PathA_20ms,155.43,LOW,64.257,0.0,0
2026-08-21T12:30:30,PathA_20ms,155.43,VIP,64.147,0.0,1
2026-08-21T12:30:30,PathA_20ms,155.43,MEDIUM,64.156,0.0,0
2026-08-21T12:30:30,PathA_20ms,155.43,LOW,64.16,0.0,0
2026-08-21T12:30:31,PathA_20ms,155.43,VIP,64.354,0.0,1
2026-08-21T12:30:31,PathA_20ms,155.43,MEDIUM,64.321,0.0,0
2026-08-21T12:30:31,PathA_20ms,155.43,LOW,64.382,0.0,0
2026-08-21T12:30:32,PathA_20ms,161.9,VIP,64.569,0.0,1
2026-08-21T12:30:32,PathA_20ms,161.9,MEDIUM,64.675,0.0,0
2026-08-21T12:30:32,PathA_20ms,161.9,LOW,64.639,0.0,0
2026-08-21T12:30:33,PathA_20ms,161.9,VIP,64.411,0.0,1
2026-08-21T12:30:33,PathA_20ms,161.9,MEDIUM,64.493,0.0,0
2026-08-21T12:30:33,PathA_20ms,161.9,LOW,64.506,0.0,0
2026-08-21T12:30:33,PathA_20ms,157.88,VIP,64.638,0.0,1
2026-08-21T12:30:33,PathA_20ms,157.88,MEDIUM,64.646,0.0,0
2026-08-21T12:30:33,PathA_20ms,157.88,LOW,64.659,0.0,0
2026-08-21T12:30:34,PathA_20ms,157.88,VIP,64.262,0.0,1
2026-08-21T12:30:34,PathA_20ms,157.88,MEDIUM,64.214,0.0,0
2026-08-21T12:30:34,PathA_20ms,157.88,LOW,64.278,0.0,0
2026-08-21T12:30:35,PathA_20ms,157.88,VIP,64.203,0.0,1
2026-08-21T12:30:35,PathA_20ms,157.88,MEDIUM,64.218,0.0,0
2026-08-21T12:30:35,PathA_20ms,157.88,LOW,64.207,0.0,0
2026-08-21T12:30:36,PathA_20ms,157.88,VIP,64.163,0.0,1
2026-08-21T12:30:36,PathA_20ms,157.88,MEDIUM,64.155,0.0,0
2026-08-21T12:30:36,PathA_20ms,157.88,LOW,64.156,0.0,0
2026-08-21T12:30:37,PathA_20ms,159.95,VIP,65.916,0.0,1
2026-08-21T12:30:37,PathA_20ms,159.95,MEDIUM,67.712,0.0,0
2026-08-21T12:30:37,PathA_20ms,159.95,LOW,67.675,0.0,0
2026-08-21T12:30:38,PathA_20ms,159.95,VIP,65.137,0.0,1
2026-08-21T12:30:38,PathA_20ms,159.95,MEDIUM,65.136,0.0,0
2026-08-21T12:30:38,PathA_20ms,159.95,LOW,65.06,0.0,0
2026-08-21T12:30:39,PathA_20ms,160.44,VIP,64.829,0.0,1
2026-08-21T12:30:39,PathA_20ms,160.44,MEDIUM,64.793,0.0,0
2026-08-21T12:30:39,PathA_20ms,160.44,LOW,64.694,0.0,0
2026-08-21T12:30:40,PathA_20ms,160.44,VIP,64.175,0.0,1
2026-08-21T12:30:40,PathA_20ms,160.44,MEDIUM,64.202,0.0,0
2026-08-21T12:30:40,PathA_20ms,160.44,LOW,64.171,0.0,0
2026-08-21T12:30:41,PathA_20ms,160.44,VIP,66.229,0.0,1
2026-08-21T12:30:41,PathA_20ms,160.44,MEDIUM,66.199,0.0,0
2026-08-21T12:30:41,PathA_20ms,160.44,LOW,66.216,0.0,0
2026-08-21T12:30:42,PathA_20ms,165.83,VIP,64.185,0.0,1
2026-08-21T12:30:42,PathA_20ms,165.83,MEDIUM,64.183,0.0,0
2026-08-21T12:30:42,PathA_20ms,165.83,LOW,64.286,0.0,0
2026-08-21T12:30:43,PathA_20ms,165.83,VIP,64.95,0.0,1
2026-08-21T12:30:43,PathA_20ms,165.83,MEDIUM,64.927,0.0,0
2026-08-21T12:30:43,PathA_20ms,165.83,LOW,64.95,0.0,0
2026-08-21T12:30:44,PathA_20ms,165.83,VIP,65.461,0.0,1
2026-08-21T12:30:44,PathA_20ms,165.83,MEDIUM,65.458,0.0,0
2026-08-21T12:30:44,PathA_20ms,165.83,LOW,65.308,0.0,0
2026-08-21T12:30:45,PathA_20ms,161.37,VIP,65.961,0.0,1
2026-08-21T12:30:45,PathA_20ms,161.37,MEDIUM,66.445,0.0,0
2026-08-21T12:30:45,PathA_20ms,161.37,LOW,66.401,0.0,0
2026-08-21T12:30:46,PathA_20ms,161.37,VIP,64.255,0.0,1
2026-08-21T12:30:46,PathA_20ms,161.37,MEDIUM,64.618,0.0,0
2026-08-21T12:30:46,PathA_20ms,161.37,LOW,64.636,0.0,0
2026-08-21T12:30:47,PathA_20ms,168.62,VIP,64.586,0.0,1
2026-08-21T12:30:47,PathA_20ms,168.62,MEDIUM,64.536,0.0,0
2026-08-21T12:30:47,PathA_20ms,168.62,LOW,64.507,0.0,0
2026-08-21T12:30:47,PathA_20ms,168.62,VIP,64.223,0.0,1
2026-08-21T12:30:47,PathA_20ms,168.62,MEDIUM,64.262,0.0,0
2026-08-21T12:30:47,PathA_20ms,168.62,LOW,64.321,0.0,0
2026-08-21T12:30:48,PathA_20ms,168.62,VIP,64.316,0.0,1
2026-08-21T12:30:48,PathA_20ms,168.62,MEDIUM,64.259,0.0,0
2026-08-21T12:30:48,PathA_20ms,168.62,LOW,64.292,0.0,0
2026-08-21T12:30:49,PathA_20ms,168.62,VIP,64.168,0.0,1
2026-08-21T12:30:49,PathA_20ms,168.62,MEDIUM,64.243,0.0,0
2026-08-21T12:30:49,PathA_20ms,168.62,LOW,64.235,0.0,0
2026-08-21T12:30:50,PathA_20ms,168.62,VIP,70.954,0.0,1
2026-08-21T12:30:50,PathA_20ms,168.62,MEDIUM,70.391,0.0,0
2026-08-21T12:30:50,PathA_20ms,168.62,LOW,70.365,0.0,0
2026-08-21T12:30:51,PathA_20ms,168.62,VIP,67.417,0.0,1
2026-08-21T12:30:51,PathA_20ms,168.62,MEDIUM,67.547,0.0,0
2026-08-21T12:30:51,PathA_20ms,168.62,LOW,67.458,0.0,0
2026-08-21T12:30:52,PathA_20ms,176.95,VIP,66.342,0.0,1
2026-08-21T12:30:52,PathA_20ms,176.95,MEDIUM,65.652,0.0,0
2026-08-21T12:30:52,PathA_20ms,176.95,LOW,65.643,0.0,0
2026-08-21T12:30:53,PathA_20ms,176.95,VIP,64.327,0.0,1
2026-08-21T12:30:53,PathA_20ms,176.95,MEDIUM,64.333,0.0,0
2026-08-21T12:30:53,PathA_20ms,176.95,LOW,68.328,0.0,0
2026-08-21T12:30:54,PathA_20ms,176.95,VIP,64.269,0.0,1
2026-08-21T12:30:54,PathA_20ms,176.95,MEDIUM,64.273,0.0,0
2026-08-21T12:30:54,PathA_20ms,176.95,LOW,64.373,0.0,0
2026-08-21T12:30:55,PathA_20ms,176.95,VIP,64.248,0.0,1
2026-08-21T12:30:55,PathA_20ms,176.95,MEDIUM,64.264,0.0,0
2026-08-21T12:30:55,PathA_20ms,176.95,LOW,64.276,0.0,0
2026-08-21T12:30:56,PathA_20ms,176.95,VIP,64.712,0.0,1
2026-08-21T12:30:56,PathA_20ms,176.95,MEDIUM,64.674,0.0,0
2026-08-21T12:30:56,PathA_20ms,176.95,LOW,64.727,0.0,0
2026-08-21T12:30:57,PathA_20ms,176.95,VIP,68.046,0.0,1
2026-08-21T12:30:57,PathA_20ms,176.95,MEDIUM,66.711,0.0,0
2026-08-21T12:30:57,PathA_20ms,176.95,LOW,68.273,0.0,0
2026-08-21T12:30:58,PathA_20ms,182.19,VIP,67.048,0.0,1
2026-08-21T12:30:58,PathA_20ms,182.19,MEDIUM,66.449,0.0,0
2026-08-21T12:30:58,PathA_20ms,182.19,LOW,67.505,0.0,0
2026-08-21T12:30:59,PathA_20ms,164.9,VIP,65.646,0.0,1
2026-08-21T12:30:59,PathA_20ms,164.9,MEDIUM,65.646,0.0,0
2026-08-21T12:30:59,PathA_20ms,164.9,LOW,65.641,0.0,0
2026-08-21T12:31:00,PathA_20ms,164.9,VIP,64.493,0.0,1
2026-08-21T12:31:00,PathA_20ms,164.9,MEDIUM,64.512,0.0,0
2026-08-21T12:31:00,PathA_20ms,164.9,LOW,64.61,0.0,0
2026-08-21T12:31:01,PathA_20ms,164.9,VIP,64.221,0.0,1
2026-08-21T12:31:01,PathA_20ms,164.9,MEDIUM,64.264,0.0,0
2026-08-21T12:31:01,PathA_20ms,164.9,LOW,64.297,0.0,0
2026-08-21T12:31:02,PathA_20ms,164.9,VIP,64.215,0.0,1
2026-08-21T12:31:02,PathA_20ms,164.9,MEDIUM,64.254,0.0,0
2026-08-21T12:31:02,PathA_20ms,164.9,LOW,64.257,0.0,0
2026-08-21T12:31:02,PathA_20ms,164.9,VIP,66.19,0.0,1
2026-08-21T12:31:02,PathA_20ms,164.9,MEDIUM,66.235,0.0,0
2026-08-21T12:31:02,PathA_20ms,164.9,LOW,66.142,0.0,0
2026-08-21T12:31:03,PathA_20ms,164.9,VIP,67.787,0.0,1
2026-08-21T12:31:03,PathA_20ms,164.9,MEDIUM,67.532,0.0,0
2026-08-21T12:31:03,PathA_20ms,164.9,LOW,67.431,0.0,0
2026-08-21T12:31:04,PathA_20ms,174.97,VIP,66.278,0.0,1
2026-08-21T12:31:04,PathA_20ms,174.97,MEDIUM,66.273,0.0,0
2026-08-21T12:31:04,PathA_20ms,174.97,LOW,67.413,0.0,0
2026-08-21T12:31:05,PathA_20ms,174.97,VIP,64.252,0.0,1
2026-08-21T12:31:05,PathA_20ms,174.97,MEDIUM,64.277,0.0,0
2026-08-21T12:31:05,PathA_20ms,174.97,LOW,103.697,0.0,0
2026-08-21T12:31:06,PathA_20ms,174.97,VIP,64.293,0.0,1
2026-08-21T12:31:06,PathA_20ms,174.97,MEDIUM,64.306,0.0,0
2026-08-21T12:31:06,PathA_20ms,174.97,LOW,164.269,0.0,0
2026-08-21T12:31:08,PathA_20ms,174.97,VIP,64.283,0.0,1
2026-08-21T12:31:08,PathA_20ms,174.97,MEDIUM,64.263,0.0,0
2026-08-21T12:31:08,PathA_20ms,174.97,LOW,164.183,20.0,1
2026-08-21T12:31:09,PathA_20ms,174.97,VIP,66.423,0.0,1
2026-08-21T12:31:09,PathA_20ms,174.97,MEDIUM,66.47,0.0,0
2026-08-21T12:31:09,PathA_20ms,174.97,LOW,66.415,0.0,0
2026-08-21T12:31:09,PathA_20ms,168.36,VIP,64.493,0.0,1
2026-08-21T12:31:09,PathA_20ms,168.36,MEDIUM,64.484,0.0,0
2026-08-21T12:31:09,PathA_20ms,168.36,LOW,64.496,0.0,0
2026-08-21T12:31:10,PathA_20ms,168.36,VIP,64.585,0.0,1
2026-08-21T12:31:10,PathA_20ms,168.36,MEDIUM,64.592,0.0,0
2026-08-21T12:31:10,PathA_20ms,168.36,LOW,64.866,0.0,0
2026-08-21T12:31:11,PathA_20ms,179.83,VIP,64.201,0.0,1
2026-08-21T12:31:11,PathA_20ms,179.83,MEDIUM,64.155,0.0,0
2026-08-21T12:31:11,PathA_20ms,179.83,LOW,65.203,0.0,0
2026-08-21T12:31:12,PathA_20ms,179.83,VIP,64.337,0.0,1
2026-08-21T12:31:12,PathA_20ms,179.83,MEDIUM,64.291,0.0,0
2026-08-21T12:31:12,PathA_20ms,179.83,LOW,64.334,0.0,0
2026-08-21T12:31:13,PathA_20ms,179.83,VIP,64.218,0.0,1
2026-08-21T12:31:13,PathA_20ms,179.83,MEDIUM,64.271,0.0,0
2026-08-21T12:31:13,PathA_20ms,179.83,LOW,64.355,0.0,0
2026-08-21T12:31:14,PathA_20ms,179.83,VIP,65.922,0.0,1
2026-08-21T12:31:14,PathA_20ms,179.83,MEDIUM,66.059,0.0,0
2026-08-21T12:31:14,PathA_20ms,179.83,LOW,66.095,0.0,0
2026-08-21T12:31:15,PathA_20ms,179.83,VIP,69.788,0.0,1
2026-08-21T12:31:15,PathA_20ms,179.83,MEDIUM,69.815,0.0,0
2026-08-21T12:31:15,PathA_20ms,179.83,LOW,69.801,0.0,0
2026-08-21T12:31:16,PathA_20ms,188.0,VIP,69.364,0.0,1
2026-08-21T12:31:16,PathA_20ms,188.0,MEDIUM,69.363,0.0,0
2026-08-21T12:31:16,PathA_20ms,188.0,LOW,71.538,0.0,0
2026-08-21T12:31:17,PathA_20ms,194.58,VIP,64.905,0.0,1
2026-08-21T12:31:17,PathA_20ms,194.58,MEDIUM,64.861,0.0,0
2026-08-21T12:31:17,PathA_20ms,194.58,LOW,119.103,0.0,0
2026-08-21T12:31:18,PathA_20ms,194.58,VIP,64.293,0.0,1
2026-08-21T12:31:18,PathA_20ms,194.58,MEDIUM,64.374,0.0,0
2026-08-21T12:31:18,PathA_20ms,194.58,LOW,179.911,0.0,0
2026-08-21T12:31:19,PathA_20ms,194.58,VIP,64.168,0.0,1
2026-08-21T12:31:19,PathA_20ms,194.58,MEDIUM,64.218,0.0,0
2026-08-21T12:31:19,PathA_20ms,194.58,LOW,124.003,0.0,0
2026-08-21T12:31:20,PathA_20ms,194.58,VIP,64.987,0.0,1
2026-08-21T12:31:20,PathA_20ms,194.58,MEDIUM,64.235,0.0,0
2026-08-21T12:31:20,PathA_20ms,194.58,LOW,64.236,0.0,0
2026-08-21T12:31:21,PathA_20ms,178.92,VIP,66.919,0.0,1
2026-08-21T12:31:21,PathA_20ms,178.92,MEDIUM,66.651,0.0,0
2026-08-21T12:31:21,PathA_20ms,178.92,LOW,66.935,0.0,0
2026-08-21T12:31:22,PathA_20ms,178.92,VIP,64.852,0.0,1
2026-08-21T12:31:22,PathA_20ms,178.92,MEDIUM,64.868,0.0,0
2026-08-21T12:31:22,PathA_20ms,178.92,LOW,64.929,0.0,0
2026-08-21T12:31:23,PathA_20ms,184.01,VIP,64.185,0.0,1
2026-08-21T12:31:23,PathA_20ms,184.01,MEDIUM,64.168,0.0,0
2026-08-21T12:31:23,PathA_20ms,184.01,LOW,64.189,0.0,0
2026-08-21T12:31:24,PathA_20ms,184.01,VIP,64.243,0.0,1
2026-08-21T12:31:24,PathA_20ms,184.01,MEDIUM,64.264,0.0,0
2026-08-21T12:31:24,PathA_20ms,184.01,LOW,64.307,0.0,0
2026-08-21T12:31:25,PathA_20ms,184.01,VIP,64.227,0.0,1
2026-08-21T12:31:25,PathA_20ms,184.01,MEDIUM,64.284,0.0,0
2026-08-21T12:31:25,PathA_20ms,184.01,LOW,64.316,0.0,0
2026-08-21T12:31:26,PathA_20ms,184.01,VIP,64.24,0.0,1
2026-08-21T12:31:26,PathA_20ms,184.01,MEDIUM,64.221,0.0,0
2026-08-21T12:31:26,PathA_20ms,184.01,LOW,64.298,0.0,0
2026-08-21T12:31:27,PathA_20ms,184.01,VIP,64.223,0.0,1
2026-08-21T12:31:27,PathA_20ms,184.01,MEDIUM,64.207,0.0,0
2026-08-21T12:31:27,PathA_20ms,184.01,LOW,64.244,0.0,0
2026-08-21T12:31:27,PathA_20ms,184.01,VIP,65.717,0.0,1
2026-08-21T12:31:27,PathA_20ms,184.01,MEDIUM,65.656,0.0,0
2026-08-21T12:31:27,PathA_20ms,184.01,LOW,65.627,0.0,0
2026-08-21T12:31:28,PathA_20ms,199.49,VIP,67.194,0.0,1
2026-08-21T12:31:28,PathA_20ms,199.49,MEDIUM,66.099,0.0,0
2026-08-21T12:31:28,PathA_20ms,199.49,LOW,67.214,0.0,0
2026-08-21T12:31:29,PathA_20ms,187.78,VIP,64.301,0.0,1
2026-08-21T12:31:29,PathA_20ms,187.78,MEDIUM,64.275,0.0,0
2026-08-21T12:31:29,PathA_20ms,187.78,LOW,96.498,0.0,0
2026-08-21T12:31:30,PathA_20ms,187.78,VIP,64.35,0.0,1
2026-08-21T12:31:30,PathA_20ms,187.78,MEDIUM,64.334,0.0,0
2026-08-21T12:31:30,PathA_20ms,187.78,LOW,166.445,0.0,0
2026-08-21T12:31:31,PathA_20ms,187.78,VIP,64.749,0.0,1
2026-08-21T12:31:31,PathA_20ms,187.78,MEDIUM,64.689,0.0,0
2026-08-21T12:31:31,PathA_20ms,187.78,LOW,78.422,0.0,0
2026-08-21T12:31:32,PathA_20ms,187.78,VIP,64.167,0.0,1
2026-08-21T12:31:32,PathA_20ms,187.78,MEDIUM,64.154,0.0,0
2026-08-21T12:31:32,PathA_20ms,187.78,LOW,64.122,0.0,0
2026-08-21T12:31:33,PathA_20ms,179.68,VIP,64.221,0.0,1
2026-08-21T12:31:33,PathA_20ms,179.68,MEDIUM,64.208,0.0,0
2026-08-21T12:31:33,PathA_20ms,179.68,LOW,64.243,0.0,0
2026-08-21T12:31:34,PathA_20ms,179.68,VIP,64.265,0.0,1
2026-08-21T12:31:34,PathA_20ms,179.68,MEDIUM,64.218,0.0,0
2026-08-21T12:31:34,PathA_20ms,179.68,LOW,64.834,0.0,0
2026-08-21T12:31:35,PathA_20ms,179.68,VIP,66.342,0.0,1
2026-08-21T12:31:35,PathA_20ms,179.68,MEDIUM,66.357,0.0,0
2026-08-21T12:31:35,PathA_20ms,179.68,LOW,66.676,0.0,0
2026-08-21T12:31:36,PathA_20ms,179.68,VIP,67.415,0.0,1
2026-08-21T12:31:36,PathA_20ms,179.68,MEDIUM,69.203,0.0,0
2026-08-21T12:31:36,PathA_20ms,179.68,LOW,69.236,0.0,0
2026-08-21T12:31:37,PathA_20ms,175.97,VIP,65.27,0.0,1
2026-08-21T12:31:37,PathA_20ms,175.97,MEDIUM,65.273,0.0,0
2026-08-21T12:31:37,PathA_20ms,175.97,LOW,65.241,0.0,0
2026-08-21T12:31:38,PathA_20ms,168.05,VIP,64.176,0.0,1
2026-08-21T12:31:38,PathA_20ms,168.05,MEDIUM,64.143,0.0,0
2026-08-21T12:31:38,PathA_20ms,168.05,LOW,64.158,0.0,0
2026-08-21T12:31:39,PathA_20ms,168.05,VIP,64.202,0.0,1
2026-08-21T12:31:39,PathA_20ms,168.05,MEDIUM,64.239,0.0,0
2026-08-21T12:31:39,PathA_20ms,168.05,LOW,64.271,0.0,0
2026-08-21T12:31:40,PathA_20ms,168.05,VIP,64.261,0.0,1
2026-08-21T12:31:40,PathA_20ms,168.05,MEDIUM,64.297,0.0,0
2026-08-21T12:31:40,PathA_20ms,168.05,LOW,64.755,0.0,0
2026-08-21T12:31:41,PathA_20ms,168.05,VIP,64.971,0.0,1
2026-08-21T12:31:41,PathA_20ms,168.05,MEDIUM,64.605,0.0,0
2026-08-21T12:31:41,PathA_20ms,168.05,LOW,64.963,0.0,0
2026-08-21T12:31:42,PathA_20ms,168.05,VIP,64.683,0.0,1
2026-08-21T12:31:42,PathA_20ms,168.05,MEDIUM,64.655,0.0,0
2026-08-21T12:31:42,PathA_20ms,168.05,LOW,64.674,0.0,0
2026-08-21T12:31:43,PathA_20ms,182.73,VIP,64.298,0.0,1
2026-08-21T12:31:43,PathA_20ms,182.73,MEDIUM,64.251,0.0,0
2026-08-21T12:31:43,PathA_20ms,182.73,LOW,64.33,0.0,0
2026-08-21T12:31:44,PathA_20ms,182.73,VIP,64.225,0.0,1
2026-08-21T12:31:44,PathA_20ms,182.73,MEDIUM,64.221,0.0,0
2026-08-21T12:31:44,PathA_20ms,182.73,LOW,64.265,0.0,0
2026-08-21T12:31:44,PathA_20ms,182.73,VIP,64.141,0.0,1
2026-08-21T12:31:44,PathA_20ms,182.73,MEDIUM,64.169,0.0,0
2026-08-21T12:31:44,PathA_20ms,182.73,LOW,64.139,0.0,0
2026-08-21T12:31:45,PathA_20ms,182.73,VIP,65.498,0.0,1
2026-08-21T12:31:45,PathA_20ms,182.73,MEDIUM,65.579,0.0,0
2026-08-21T12:31:45,PathA_20ms,182.73,LOW,65.55,0.0,0
2026-08-21T12:31:46,PathA_20ms,183.04,VIP,65.377,0.0,1
2026-08-21T12:31:46,PathA_20ms,183.04,MEDIUM,65.329,0.0,0
2026-08-21T12:31:46,PathA_20ms,183.04,LOW,65.458,0.0,0
2026-08-21T12:31:47,PathA_20ms,183.04,VIP,64.532,0.0,1
2026-08-21T12:31:47,PathA_20ms,183.04,MEDIUM,64.593,0.0,0
2026-08-21T12:31:47,PathA_20ms,183.04,LOW,64.597,0.0,0
2026-08-21T12:31:48,PathA_20ms,183.04,VIP,64.623,0.0,1
2026-08-21T12:31:48,PathA_20ms,183.04,MEDIUM,64.916,0.0,0
2026-08-21T12:31:48,PathA_20ms,183.04,LOW,64.649,0.0,0
2026-08-21T12:31:49,PathA_20ms,183.78,VIP,64.196,0.0,1
2026-08-21T12:31:49,PathA_20ms,183.78,MEDIUM,64.227,0.0,0
2026-08-21T12:31:49,PathA_20ms,183.78,LOW,64.307,0.0,0
2026-08-21T12:31:50,PathA_20ms,183.78,VIP,64.262,0.0,1
2026-08-21T12:31:50,PathA_20ms,183.78,MEDIUM,64.299,0.0,0
2026-08-21T12:31:50,PathA_20ms,183.78,LOW,64.245,0.0,0
2026-08-21T12:31:51,PathA_20ms,183.78,VIP,65.159,0.0,1
2026-08-21T12:31:51,PathA_20ms,183.78,MEDIUM,65.219,0.0,0
2026-08-21T12:31:51,PathA_20ms,183.78,LOW,65.134,0.0,0
2026-08-21T12:31:52,PathA_20ms,183.78,VIP,64.788,0.0,1
2026-08-21T12:31:52,PathA_20ms,183.78,MEDIUM,64.303,0.0,0
2026-08-21T12:31:52,PathA_20ms,183.78,LOW,66.09,0.0,0
2026-08-21T12:31:53,PathA_20ms,187.35,VIP,65.6,0.0,1
2026-08-21T12:31:53,PathA_20ms,187.35,MEDIUM,65.318,0.0,0
2026-08-21T12:31:53,PathA_20ms,187.35,LOW,65.794,0.0,0
2026-08-21T12:31:54,PathA_20ms,187.35,VIP,64.394,0.0,1
2026-08-21T12:31:54,PathA_20ms,187.35,MEDIUM,64.307,0.0,0
2026-08-21T12:31:54,PathA_20ms,187.35,LOW,64.403,0.0,0
2026-08-21T12:31:55,PathA_20ms,176.61,VIP,64.691,0.0,1
2026-08-21T12:31:55,PathA_20ms,176.61,MEDIUM,64.767,0.0,0
2026-08-21T12:31:55,PathA_20ms,176.61,LOW,65.339,0.0,0
2026-08-21T12:31:56,PathA_20ms,176.61,VIP,64.508,0.0,1
2026-08-21T12:31:56,PathA_20ms,176.61,MEDIUM,64.416,0.0,0
2026-08-21T12:31:56,PathA_20ms,176.61,LOW,64.441,0.0,0
2026-08-21T12:31:57,PathA_20ms,176.61,VIP,64.597,0.0,1
2026-08-21T12:31:57,PathA_20ms,176.61,MEDIUM,64.646,0.0,0
2026-08-21T12:31:57,PathA_20ms,176.61,LOW,64.642,0.0,0
2026-08-21T12:31:58,PathA_20ms,189.26,VIP,64.259,0.0,1
2026-08-21T12:31:58,PathA_20ms,189.26,MEDIUM,64.212,0.0,0
2026-08-21T12:31:58,PathA_20ms,189.26,LOW,75.713,0.0,0
2026-08-21T12:31:59,PathA_20ms,189.26,VIP,64.744,0.0,1
2026-08-21T12:31:59,PathA_20ms,189.26,MEDIUM,64.748,0.0,0
2026-08-21T12:31:59,PathA_20ms,189.26,LOW,142.686,0.0,0
2026-08-21T12:32:00,PathA_20ms,186.97,VIP,65.057,0.0,1
2026-08-21T12:32:00,PathA_20ms,186.97,MEDIUM,65.071,0.0,0
2026-08-21T12:32:00,PathA_20ms,186.97,LOW,186.299,20.0,1
2026-08-21T12:32:01,PathA_20ms,186.97,VIP,64.264,0.0,1
2026-08-21T12:32:01,PathA_20ms,186.97,MEDIUM,64.305,0.0,0
2026-08-21T12:32:01,PathA_20ms,186.97,LOW,185.152,20.0,1
2026-08-21T12:32:02,PathA_20ms,186.97,VIP,65.236,0.0,1
2026-08-21T12:32:02,PathA_20ms,186.97,MEDIUM,65.212,0.0,0
2026-08-21T12:32:02,PathA_20ms,186.97,LOW,68.552,0.0,0
2026-08-21T12:32:03,PathA_20ms,186.97,VIP,64.432,0.0,1
2026-08-21T12:32:03,PathA_20ms,186.97,MEDIUM,64.474,0.0,0
2026-08-21T12:32:03,PathA_20ms,186.97,LOW,64.437,0.0,0
2026-08-21T12:32:04,PathA_20ms,186.97,VIP,64.223,0.0,1
2026-08-21T12:32:04,PathA_20ms,186.97,MEDIUM,64.222,0.0,0
2026-08-21T12:32:04,PathA_20ms,186.97,LOW,76.899,0.0,0
2026-08-21T12:32:05,PathA_20ms,186.97,VIP,64.324,0.0,1
2026-08-21T12:32:05,PathA_20ms,186.97,MEDIUM,64.333,0.0,0
2026-08-21T12:32:05,PathA_20ms,186.97,LOW,144.912,0.0,0
2026-08-21T12:32:06,PathA_20ms,200.0,VIP,64.157,0.0,1
2026-08-21T12:32:06,PathA_20ms,200.0,MEDIUM,64.157,0.0,0
2026-08-21T12:32:06,PathA_20ms,200.0,LOW,185.705,40.0,1
2026-08-21T12:32:08,PathA_20ms,200.0,VIP,64.209,0.0,1
2026-08-21T12:32:08,PathA_20ms,200.0,MEDIUM,64.215,0.0,0
2026-08-21T12:32:08,PathA_20ms,200.0,LOW,157.6,40.0,1
2026-08-21T12:32:08,PathA_20ms,200.0,VIP,70.282,0.0,1
2026-08-21T12:32:08,PathA_20ms,200.0,MEDIUM,70.444,0.0,0
2026-08-21T12:32:08,PathA_20ms,200.0,LOW,70.427,0.0,0
2026-08-21T12:32:09,PathA_20ms,200.0,VIP,64.973,0.0,1
2026-08-21T12:32:09,PathA_20ms,200.0,MEDIUM,64.919,0.0,0
2026-08-21T12:32:09,PathA_20ms,200.0,LOW,70.377,0.0,0
2026-08-21T12:32:10,PathA_20ms,200.0,VIP,64.356,0.0,1
2026-08-21T12:32:10,PathA_20ms,200.0,MEDIUM,64.354,0.0,0
2026-08-21T12:32:10,PathA_20ms,200.0,LOW,127.829,0.0,0
2026-08-21T12:32:12,PathA_20ms,200.0,VIP,64.311,0.0,1
2026-08-21T12:32:12,PathA_20ms,200.0,MEDIUM,64.282,0.0,0
2026-08-21T12:32:12,PathA_20ms,200.0,LOW,182.618,20.0,1
2026-08-21T12:32:13,PathA_20ms,200.0,VIP,64.157,0.0,1
2026-08-21T12:32:13,PathA_20ms,200.0,MEDIUM,64.138,0.0,0
2026-08-21T12:32:13,PathA_20ms,200.0,LOW,185.084,40.0,1
2026-08-21T12:32:14,PathA_20ms,200.0,VIP,66.029,0.0,1
2026-08-21T12:32:14,PathA_20ms,200.0,MEDIUM,66.039,0.0,0
2026-08-21T12:32:14,PathA_20ms,200.0,LOW,90.111,0.0,0
2026-08-21T12:32:15,PathA_20ms,200.0,VIP,64.559,0.0,1
2026-08-21T12:32:15,PathA_20ms,200.0,MEDIUM,64.658,0.0,0
2026-08-21T12:32:15,PathA_20ms,200.0,LOW,64.603,0.0,0
2026-08-21T12:32:16,PathA_20ms,180.4,VIP,64.17,0.0,1
2026-08-21T12:32:16,PathA_20ms,180.4,MEDIUM,64.179,0.0,0
2026-08-21T12:32:16,PathA_20ms,180.4,LOW,64.197,0.0,0
2026-08-21T12:32:17,PathA_20ms,180.4,VIP,64.395,0.0,1
2026-08-21T12:32:17,PathA_20ms,180.4,MEDIUM,64.572,0.0,0
2026-08-21T12:32:17,PathA_20ms,180.4,LOW,64.606,0.0,0
2026-08-21T12:32:18,PathA_20ms,180.4,VIP,64.129,0.0,1
2026-08-21T12:32:18,PathA_20ms,180.4,MEDIUM,64.138,0.0,0
2026-08-21T12:32:18,PathA_20ms,180.4,LOW,64.187,0.0,0
2026-08-21T12:32:19,PathA_20ms,179.49,VIP,64.712,0.0,1
2026-08-21T12:32:19,PathA_20ms,179.49,MEDIUM,64.723,0.0,0
2026-08-21T12:32:19,PathA_20ms,179.49,LOW,64.748,0.0,0
2026-08-21T12:32:20,PathA_20ms,179.49,VIP,64.203,0.0,1
2026-08-21T12:32:20,PathA_20ms,179.49,MEDIUM,64.256,0.0,0
2026-08-21T12:32:20,PathA_20ms,179.49,LOW,64.273,0.0,0
2026-08-21T12:32:20,PathA_20ms,179.49,VIP,64.246,0.0,1
2026-08-21T12:32:20,PathA_20ms,179.49,MEDIUM,64.244,0.0,0
2026-08-21T12:32:20,PathA_20ms,179.49,LOW,64.229,0.0,0
2026-08-21T12:32:21,PathA_20ms,179.49,VIP,64.598,0.0,1
2026-08-21T12:32:21,PathA_20ms,179.49,MEDIUM,64.661,0.0,0
2026-08-21T12:32:21,PathA_20ms,179.49,LOW,64.615,0.0,0
2026-08-21T12:32:22,PathA_20ms,179.49,VIP,66.297,0.0,1
2026-08-21T12:32:22,PathA_20ms,179.49,MEDIUM,66.024,0.0,0
2026-08-21T12:32:22,PathA_20ms,179.49,LOW,65.982,0.0,0
2026-08-21T12:32:23,PathA_20ms,179.49,VIP,65.457,0.0,1
2026-08-21T12:32:23,PathA_20ms,179.49,MEDIUM,65.457,0.0,0
2026-08-21T12:32:23,PathA_20ms,179.49,LOW,65.456,0.0,0
2026-08-21T12:32:24,PathA_20ms,178.27,VIP,66.443,0.0,1
2026-08-21T12:32:24,PathA_20ms,178.27,MEDIUM,66.142,0.0,0
2026-08-21T12:32:24,PathA_20ms,178.27,LOW,66.381,0.0,0
2026-08-21T12:32:25,PathA_20ms,179.18,VIP,64.225,0.0,1
2026-08-21T12:32:25,PathA_20ms,179.18,MEDIUM,64.163,0.0,0
2026-08-21T12:32:25,PathA_20ms,179.18,LOW,64.273,0.0,0
2026-08-21T12:32:26,PathA_20ms,179.18,VIP,64.219,0.0,1
2026-08-21T12:32:26,PathA_20ms,179.18,MEDIUM,64.165,0.0,0
2026-08-21T12:32:26,PathA_20ms,179.18,LOW,64.202,0.0,0
2026-08-21T12:32:27,PathA_20ms,179.18,VIP,65.654,0.0,1
2026-08-21T12:32:27,PathA_20ms,179.18,MEDIUM,65.7,0.0,0
2026-08-21T12:32:27,PathA_20ms,179.18,LOW,65.688,0.0,0
2026-08-21T12:32:28,PathA_20ms,178.3,VIP,64.32,0.0,1
2026-08-21T12:32:28,PathA_20ms,178.3,MEDIUM,64.421,0.0,0
2026-08-21T12:32:28,PathA_20ms,178.3,LOW,64.476,0.0,0
2026-08-21T12:32:29,PathA_20ms,178.3,VIP,64.267,0.0,1
2026-08-21T12:32:29,PathA_20ms,178.3,MEDIUM,64.241,0.0,0
2026-08-21T12:32:29,PathA_20ms,178.3,LOW,64.285,0.0,0
2026-08-21T12:32:30,PathA_20ms,178.3,VIP,64.245,0.0,1
2026-08-21T12:32:30,PathA_20ms,178.3,MEDIUM,64.326,0.0,0
2026-08-21T12:32:30,PathA_20ms,178.3,LOW,64.36,0.0,0
2026-08-21T12:32:31,PathA_20ms,178.3,VIP,65.974,0.0,1
2026-08-21T12:32:31,PathA_20ms,178.3,MEDIUM,65.803,0.0,0
2026-08-21T12:32:31,PathA_20ms,178.3,LOW,65.921,0.0,0
2026-08-21T12:32:32,PathA_20ms,178.3,VIP,68.768,0.0,1
2026-08-21T12:32:32,PathA_20ms,178.3,MEDIUM,68.771,0.0,0
2026-08-21T12:32:32,PathA_20ms,178.3,LOW,66.393,0.0,0
2026-08-21T12:32:33,PathA_20ms,188.59,VIP,65.747,0.0,1
2026-08-21T12:32:33,PathA_20ms,188.59,MEDIUM,65.441,0.0,0
2026-08-21T12:32:33,PathA_20ms,188.59,LOW,65.742,0.0,0
2026-08-21T12:32:34,PathA_20ms,188.59,VIP,64.258,0.0,1
2026-08-21T12:32:34,PathA_20ms,188.59,MEDIUM,64.291,0.0,0
2026-08-21T12:32:34,PathA_20ms,188.59,LOW,64.252,0.0,0
2026-08-21T12:32:34,PathA_20ms,188.59,VIP,64.312,0.0,1
2026-08-21T12:32:34,PathA_20ms,188.59,MEDIUM,64.268,0.0,0
2026-08-21T12:32:34,PathA_20ms,188.59,LOW,64.425,0.0,0
2026-08-21T12:32:35,PathA_20ms,188.59,VIP,64.587,0.0,1
2026-08-21T12:32:35,PathA_20ms,188.59,MEDIUM,64.194,0.0,0
2026-08-21T12:32:35,PathA_20ms,188.59,LOW,64.664,0.0,0
2026-08-21T12:32:36,PathA_20ms,188.59,VIP,64.124,0.0,1
2026-08-21T12:32:36,PathA_20ms,188.59,MEDIUM,64.126,0.0,0
2026-08-21T12:32:36,PathA_20ms,188.59,LOW,64.127,0.0,0
2026-08-21T12:32:37,PathA_20ms,176.04,VIP,64.177,0.0,1
2026-08-21T12:32:37,PathA_20ms,176.04,MEDIUM,64.188,0.0,0
2026-08-21T12:32:37,PathA_20ms,176.04,LOW,64.216,0.0,0
2026-08-21T12:32:38,PathA_20ms,176.04,VIP,64.18,0.0,1
2026-08-21T12:32:38,PathA_20ms,176.04,MEDIUM,64.204,0.0,0
2026-08-21T12:32:38,PathA_20ms,176.04,LOW,64.234,0.0,0
2026-08-21T12:32:39,PathA_20ms,163.82,VIP,65.388,0.0,1
2026-08-21T12:32:39,PathA_20ms,163.82,MEDIUM,65.25,0.0,0
2026-08-21T12:32:39,PathA_20ms,163.82,LOW,65.427,0.0,0
2026-08-21T12:32:40,PathA_20ms,163.82,VIP,64.222,0.0,1
2026-08-21T12:32:40,PathA_20ms,163.82,MEDIUM,64.244,0.0,0
2026-08-21T12:32:40,PathA_20ms,163.82,LOW,64.342,0.0,0
2026-08-21T12:32:41,PathA_20ms,163.82,VIP,64.312,0.0,1
2026-08-21T12:32:41,PathA_20ms,163.82,MEDIUM,64.295,0.0,0
2026-08-21T12:32:41,PathA_20ms,163.82,LOW,64.289,0.0,0
