timestamp,path_label,target_load_mbps,qos_class,avg_rtt_ms,packet_loss_pct,is_anomaly
2026-08-21T13:08:06,PathC_10ms,67.64,VIP,34.296,0.0,1
2026-08-21T13:08:06,PathC_10ms,67.64,MEDIUM,34.292,0.0,0
2026-08-21T13:08:06,PathC_10ms,67.64,LOW,34.31,0.0,0
2026-08-21T13:08:07,PathC_10ms,67.64,VIP,34.176,0.0,1
2026-08-21T13:08:07,PathC_10ms,67.64,MEDIUM,34.307,0.0,0
2026-08-21T13:08:07,PathC_10ms,67.64,LOW,34.239,0.0,0
2026-08-21T13:08:07,PathC_10ms,78.09,VIP,34.204,0.0,1
2026-08-21T13:08:07,PathC_10ms,78.09,MEDIUM,34.221,0.0,0
2026-08-21T13:08:07,PathC_10ms,78.09,LOW,34.227,0.0,0
2026-08-21T13:08:08,PathC_10ms,78.09,VIP,34.46,0.0,1
2026-08-21T13:08:08,PathC_10ms,78.09,MEDIUM,34.281,0.0,0
2026-08-21T13:08:08,PathC_10ms,78.09,LOW,34.414,0.0,0
2026-08-21T13:08:09,PathC_10ms,78.09,VIP,34.187,0.0,1
2026-08-21T13:08:09,PathC_10ms,78.09,MEDIUM,34.258,0.0,0
2026-08-21T13:08:09,PathC_10ms,78.09,LOW,34.212,0.0,0
2026-08-21T13:08:10,PathC_10ms,65.94,VIP,34.199,0.0,1
2026-08-21T13:08:10,PathC_10ms,65.94,MEDIUM,34.254,0.0,0
2026-08-21T13:08:10,PathC_10ms,65.94,LOW,34.442,0.0,0
2026-08-21T13:08:11,PathC_10ms,65.94,VIP,34.196,0.0,1
2026-08-21T13:08:11,PathC_10ms,65.94,MEDIUM,34.221,0.0,0
2026-08-21T13:08:11,PathC_10ms,65.94,LOW,34.232,0.0,0
2026-08-21T13:08:12,PathC_10ms,65.94,VIP,34.255,0.0,1
2026-08-21T13:08:12,PathC_10ms,65.94,MEDIUM,34.239,0.0,0
2026-08-21T13:08:12,PathC_10ms,65.94,LOW,34.284,0.0,0
2026-08-21T13:08:13,PathC_10ms,68.01,VIP,34.187,0.0,1
2026-08-21T13:08:13,PathC_10ms,68.01,MEDIUM,34.192,0.0,0
2026-08-21T13:08:13,PathC_10ms,68.01,LOW,34.196,0.0,0
2026-08-21T13:08:14,PathC_10ms,68.01,VIP,34.162,0.0,1
2026-08-21T13:08:14,PathC_10ms,68.01,MEDIUM,34.187,0.0,0
2026-08-21T13:08:14,PathC_10ms,68.01,LOW,34.179,0.0,0
2026-08-21T13:08:15,PathC_10ms,68.01,VIP,34.191,0.0,1
2026-08-21T13:08:15,PathC_10ms,68.01,MEDIUM,34.185,0.0,0
2026-08-21T13:08:15,PathC_10ms,68.01,LOW,34.197,0.0,0
2026-08-21T13:08:16,PathC_10ms,77.54,VIP,34.17,0.0,1
2026-08-21T13:08:16,PathC_10ms,77.54,MEDIUM,34.195,0.0,0
2026-08-21T13:08:16,PathC_10ms,77.54,LOW,34.21,0.0,0
2026-08-21T13:08:16,PathC_10ms,77.54,VIP,34.169,0.0,1
2026-08-21T13:08:16,PathC_10ms,77.54,MEDIUM,34.211,0.0,0
2026-08-21T13:08:16,PathC_10ms,77.54,LOW,34.158,0.0,0
2026-08-21T13:08:17,PathC_10ms,77.54,VIP,34.455,0.0,1
2026-08-21T13:08:17,PathC_10ms,77.54,MEDIUM,34.497,0.0,0
2026-08-21T13:08:17,PathC_10ms,77.54,LOW,34.444,0.0,0
2026-08-21T13:08:18,PathC_10ms,77.54,VIP,34.182,0.0,1
2026-08-21T13:08:18,PathC_10ms,77.54,MEDIUM,34.177,0.0,0
2026-08-21T13:08:18,PathC_10ms,77.54,LOW,34.195,0.0,0
2026-08-21T13:08:19,PathC_10ms,73.4,VIP,34.211,0.0,1
2026-08-21T13:08:19,PathC_10ms,73.4,MEDIUM,34.241,0.0,0
2026-08-21T13:08:19,PathC_10ms,73.4,LOW,34.225,0.0,0
2026-08-21T13:08:20,PathC_10ms,65.77,VIP,34.19,0.0,1
2026-08-21T13:08:20,PathC_10ms,65.77,MEDIUM,34.185,0.0,0
2026-08-21T13:08:20,PathC_10ms,65.77,LOW,34.174,0.0,0
2026-08-21T13:08:21,PathC_10ms,65.77,VIP,34.407,0.0,1
2026-08-21T13:08:21,PathC_10ms,65.77,MEDIUM,34.441,0.0,0
2026-08-21T13:08:21,PathC_10ms,65.77,LOW,34.425,0.0,0
2026-08-21T13:08:22,PathC_10ms,67.13,VIP,34.703,0.0,1
2026-08-21T13:08:22,PathC_10ms,67.13,MEDIUM,34.688,0.0,0
2026-08-21T13:08:22,PathC_10ms,67.13,LOW,34.715,0.0,0
2026-08-21T13:08:23,PathC_10ms,67.13,VIP,34.22,0.0,1
2026-08-21T13:08:23,PathC_10ms,67.13,MEDIUM,34.227,0.0,0
2026-08-21T13:08:23,PathC_10ms,67.13,LOW,34.214,0.0,0
2026-08-21T13:08:24,PathC_10ms,67.13,VIP,34.735,0.0,1
2026-08-21T13:08:24,PathC_10ms,67.13,MEDIUM,34.636,0.0,0
2026-08-21T13:08:24,PathC_10ms,67.13,LOW,34.691,0.0,0
2026-08-21T13:08:25,PathC_10ms,82.93,VIP,34.214,0.0,1
2026-08-21T13:08:25,PathC_10ms,82.93,MEDIUM,34.416,0.0,0
2026-08-21T13:08:25,PathC_10ms,82.93,LOW,34.497,0.0,0
2026-08-21T13:08:26,PathC_10ms,82.93,VIP,34.387,0.0,1
2026-08-21T13:08:26,PathC_10ms,82.93,MEDIUM,34.269,0.0,0
2026-08-21T13:08:26,PathC_10ms,82.93,LOW,34.293,0.0,0
2026-08-21T13:08:26,PathC_10ms,82.93,VIP,34.586,0.0,1
2026-08-21T13:08:26,PathC_10ms,82.93,MEDIUM,35.831,0.0,0
2026-08-21T13:08:26,PathC_10ms,82.93,LOW,34.851,0.0,0
2026-08-21T13:08:27,PathC_10ms,82.93,VIP,34.19,0.0,1
2026-08-21T13:08:27,PathC_10ms,82.93,MEDIUM,34.193,0.0,0
2026-08-21T13:08:27,PathC_10ms,82.93,LOW,34.19,0.0,0
2026-08-21T13:08:28,PathC_10ms,83.81,VIP,34.201,0.0,1
2026-08-21T13:08:28,PathC_10ms,83.81,MEDIUM,34.207,0.0,0
2026-08-21T13:08:28,PathC_10ms,83.81,LOW,34.219,0.0,0
2026-08-21T13:08:29,PathC_10ms,65.5,VIP,34.819,0.0,1
2026-08-21T13:08:29,PathC_10ms,65.5,MEDIUM,34.825,0.0,0
2026-08-21T13:08:29,PathC_10ms,65.5,LOW,34.436,0.0,0
2026-08-21T13:08:30,PathC_10ms,65.5,VIP,34.191,0.0,1
2026-08-21T13:08:30,PathC_10ms,65.5,MEDIUM,34.197,0.0,0
2026-08-21T13:08:30,PathC_10ms,65.5,LOW,34.169,0.0,0
2026-08-21T13:08:31,PathC_10ms,65.37,VIP,34.18,0.0,1
2026-08-21T13:08:31,PathC_10ms,65.37,MEDIUM,34.197,0.0,0
2026-08-21T13:08:31,PathC_10ms,65.37,LOW,34.238,0.0,0
2026-08-21T13:08:32,PathC_10ms,65.37,VIP,34.197,0.0,1
2026-08-21T13:08:32,PathC_10ms,65.37,MEDIUM,34.241,0.0,0
2026-08-21T13:08:32,PathC_10ms,65.37,LOW,34.174,0.0,0
2026-08-21T13:08:33,PathC_10ms,65.37,VIP,34.74,0.0,1
2026-08-21T13:08:33,PathC_10ms,65.37,MEDIUM,34.512,0.0,0
2026-08-21T13:08:33,PathC_10ms,65.37,LOW,34.725,0.0,0
2026-08-21T13:08:34,PathC_10ms,65.37,VIP,34.423,0.0,1
2026-08-21T13:08:34,PathC_10ms,65.37,MEDIUM,34.385,0.0,0
2026-08-21T13:08:34,PathC_10ms,65.37,LOW,34.479,0.0,0
2026-08-21T13:08:35,PathC_10ms,65.37,VIP,34.267,0.0,1
2026-08-21T13:08:35,PathC_10ms,65.37,MEDIUM,34.226,0.0,0
2026-08-21T13:08:35,PathC_10ms,65.37,LOW,34.172,0.0,0
2026-08-21T13:08:35,PathC_10ms,74.0,VIP,34.289,0.0,1
2026-08-21T13:08:35,PathC_10ms,74.0,MEDIUM,34.289,0.0,0
2026-08-21T13:08:35,PathC_10ms,74.0,LOW,34.287,0.0,0
2026-08-21T13:08:36,PathC_10ms,74.36,VIP,34.23,0.0,1
2026-08-21T13:08:36,PathC_10ms,74.36,MEDIUM,34.249,0.0,0
2026-08-21T13:08:36,PathC_10ms,74.36,LOW,34.213,0.0,0
2026-08-21T13:08:37,PathC_10ms,85.48,VIP,34.21,0.0,1
2026-08-21T13:08:37,PathC_10ms,85.48,MEDIUM,34.242,0.0,0
2026-08-21T13:08:37,PathC_10ms,85.48,LOW,34.237,0.0,0
2026-08-21T13:08:38,PathC_10ms,85.48,VIP,34.608,0.0,1
2026-08-21T13:08:38,PathC_10ms,85.48,MEDIUM,34.601,0.0,0
2026-08-21T13:08:38,PathC_10ms,85.48,LOW,34.601,0.0,0
2026-08-21T13:08:39,PathC_10ms,85.48,VIP,34.176,0.0,1
2026-08-21T13:08:39,PathC_10ms,85.48,MEDIUM,34.191,0.0,0
2026-08-21T13:08:39,PathC_10ms,85.48,LOW,34.182,0.0,0
2026-08-21T13:08:40,PathC_10ms,85.48,VIP,34.23,0.0,1
2026-08-21T13:08:40,PathC_10ms,85.48,MEDIUM,34.226,0.0,0
2026-08-21T13:08:40,PathC_10ms,85.48,LOW,34.212,0.0,0
2026-08-21T13:08:41,PathC_10ms,85.48,VIP,34.22,0.0,1
2026-08-21T13:08:41,PathC_10ms,85.48,MEDIUM,34.163,0.0,0
2026-08-21T13:08:41,PathC_10ms,85.48,LOW,34.197,0.0,0
2026-08-21T13:08:42,PathC_10ms,85.48,VIP,34.193,0.0,1
2026-08-21T13:08:42,PathC_10ms,85.48,MEDIUM,34.218,0.0,0
2026-08-21T13:08:42,PathC_10ms,85.48,LOW,34.181,0.0,0
2026-08-21T13:08:43,PathC_10ms,72.27,VIP,34.746,0.0,1
2026-08-21T13:08:43,PathC_10ms,72.27,MEDIUM,34.373,0.0,0
2026-08-21T13:08:43,PathC_10ms,72.27,LOW,34.385,0.0,0
2026-08-21T13:08:44,PathC_10ms,72.27,VIP,34.262,0.0,1
2026-08-21T13:08:44,PathC_10ms,72.27,MEDIUM,34.192,0.0,0
2026-08-21T13:08:44,PathC_10ms,72.27,LOW,34.222,0.0,0
2026-08-21T13:08:44,PathC_10ms,72.27,VIP,34.416,0.0,1
2026-08-21T13:08:44,PathC_10ms,72.27,MEDIUM,34.37,0.0,0
2026-08-21T13:08:44,PathC_10ms,72.27,LOW,34.4,0.0,0
2026-08-21T13:08:45,PathC_10ms,72.27,VIP,34.217,0.0,1
2026-08-21T13:08:45,PathC_10ms,72.27,MEDIUM,34.219,0.0,0
2026-08-21T13:08:45,PathC_10ms,72.27,LOW,34.192,0.0,0
2026-08-21T13:08:46,PathC_10ms,88.8,VIP,34.223,0.0,1
2026-08-21T13:08:46,PathC_10ms,88.8,MEDIUM,34.214,0.0,0
2026-08-21T13:08:46,PathC_10ms,88.8,LOW,34.245,0.0,0
2026-08-21T13:08:47,PathC_10ms,88.8,VIP,34.258,0.0,1
2026-08-21T13:08:47,PathC_10ms,88.8,MEDIUM,34.231,0.0,0
2026-08-21T13:08:47,PathC_10ms,88.8,LOW,34.201,0.0,0
2026-08-21T13:08:48,PathC_10ms,88.8,VIP,34.173,0.0,1
2026-08-21T13:08:48,PathC_10ms,88.8,MEDIUM,34.171,0.0,0
2026-08-21T13:08:48,PathC_10ms,88.8,LOW,34.158,0.0,0
2026-08-21T13:08:49,PathC_10ms,88.68,VIP,34.202,0.0,1
2026-08-21T13:08:49,PathC_10ms,88.68,MEDIUM,34.221,0.0,0
2026-08-21T13:08:49,PathC_10ms,88.68,LOW,34.259,0.0,0
2026-08-21T13:08:50,PathC_10ms,88.68,VIP,34.177,0.0,1
2026-08-21T13:08:50,PathC_10ms,88.68,MEDIUM,34.179,0.0,0
2026-08-21T13:08:50,PathC_10ms,88.68,LOW,34.165,0.0,0
2026-08-21T13:08:51,PathC_10ms,88.68,VIP,34.214,0.0,1
2026-08-21T13:08:51,PathC_10ms,88.68,MEDIUM,34.207,0.0,0
2026-08-21T13:08:51,PathC_10ms,88.68,LOW,34.224,0.0,0
2026-08-21T13:08:52,PathC_10ms,74.49,VIP,34.437,0.0,1
2026-08-21T13:08:52,PathC_10ms,74.49,MEDIUM,34.439,0.0,0
2026-08-21T13:08:52,PathC_10ms,74.49,LOW,34.372,0.0,0
2026-08-21T13:08:53,PathC_10ms,74.49,VIP,34.186,0.0,1
2026-08-21T13:08:53,PathC_10ms,74.49,MEDIUM,34.184,0.0,0
2026-08-21T13:08:53,PathC_10ms,74.49,LOW,34.216,0.0,0
2026-08-21T13:08:54,PathC_10ms,74.49,VIP,34.178,0.0,1
2026-08-21T13:08:54,PathC_10ms,74.49,MEDIUM,34.222,0.0,0
2026-08-21T13:08:54,PathC_10ms,74.49,LOW,34.191,0.0,0
2026-08-21T13:08:54,PathC_10ms,77.6,VIP,34.336,0.0,1
2026-08-21T13:08:54,PathC_10ms,77.6,MEDIUM,34.409,0.0,0
2026-08-21T13:08:54,PathC_10ms,77.6,LOW,34.458,0.0,0
2026-08-21T13:08:55,PathC_10ms,62.09,VIP,34.826,0.0,1
2026-08-21T13:08:55,PathC_10ms,62.09,MEDIUM,35.064,0.0,0
2026-08-21T13:08:55,PathC_10ms,62.09,LOW,34.843,0.0,0
2026-08-21T13:08:56,PathC_10ms,62.09,VIP,34.219,0.0,1
2026-08-21T13:08:56,PathC_10ms,62.09,MEDIUM,34.208,0.0,0
2026-08-21T13:08:56,PathC_10ms,62.09,LOW,34.154,0.0,0
2026-08-21T13:08:57,PathC_10ms,62.09,VIP,34.209,0.0,1
2026-08-21T13:08:57,PathC_10ms,62.09,MEDIUM,34.223,0.0,0
2026-08-21T13:08:57,PathC_10ms,62.09,LOW,34.244,0.0,0
2026-08-21T13:08:58,PathC_10ms,71.99,VIP,34.217,0.0,1
2026-08-21T13:08:58,PathC_10ms,71.99,MEDIUM,34.223,0.0,0
2026-08-21T13:08:58,PathC_10ms,71.99,LOW,34.259,0.0,0
2026-08-21T13:08:59,PathC_10ms,68.53,VIP,34.231,0.0,1
2026-08-21T13:08:59,PathC_10ms,68.53,MEDIUM,34.175,0.0,0
2026-08-21T13:08:59,PathC_10ms,68.53,LOW,34.211,0.0,0
2026-08-21T13:09:00,PathC_10ms,68.53,VIP,34.868,0.0,1
2026-08-21T13:09:00,PathC_10ms,68.53,MEDIUM,34.786,0.0,0
2026-08-21T13:09:00,PathC_10ms,68.53,LOW,34.863,0.0,0
2026-08-21T13:09:01,PathC_10ms,68.53,VIP,34.227,0.0,1
2026-08-21T13:09:01,PathC_10ms,68.53,MEDIUM,34.238,0.0,0
2026-08-21T13:09:01,PathC_10ms,68.53,LOW,34.218,0.0,0
2026-08-21T13:09:02,PathC_10ms,68.53,VIP,34.262,0.0,1
2026-08-21T13:09:02,PathC_10ms,68.53,MEDIUM,34.256,0.0,0
2026-08-21T13:09:02,PathC_10ms,68.53,LOW,34.175,0.0,0
2026-08-21T13:09:03,PathC_10ms,68.53,VIP,34.18,0.0,1
2026-08-21T13:09:03,PathC_10ms,68.53,MEDIUM,34.187,0.0,0
2026-08-21T13:09:03,PathC_10ms,68.53,LOW,34.192,0.0,0
2026-08-21T13:09:03,PathC_10ms,66.3,VIP,34.192,0.0,1
2026-08-21T13:09:03,PathC_10ms,66.3,MEDIUM,34.224,0.0,0
2026-08-21T13:09:03,PathC_10ms,66.3,LOW,34.198,0.0,0
2026-08-21T13:09:04,PathC_10ms,66.3,VIP,34.179,0.0,1
2026-08-21T13:09:04,PathC_10ms,66.3,MEDIUM,34.18,0.0,0
2026-08-21T13:09:04,PathC_10ms,66.3,LOW,34.204,0.0,0
2026-08-21T13:09:05,PathC_10ms,68.59,VIP,34.202,0.0,1
2026-08-21T13:09:05,PathC_10ms,68.59,MEDIUM,34.197,0.0,0
2026-08-21T13:09:05,PathC_10ms,68.59,LOW,34.214,0.0,0
2026-08-21T13:09:06,PathC_10ms,68.59,VIP,34.194,0.0,1
2026-08-21T13:09:06,PathC_10ms,68.59,MEDIUM,34.164,0.0,0
2026-08-21T13:09:06,PathC_10ms,68.59,LOW,34.164,0.0,0
2026-08-21T13:09:07,PathC_10ms,68.59,VIP,34.182,0.0,1
2026-08-21T13:09:07,PathC_10ms,68.59,MEDIUM,34.192,0.0,0
2026-08-21T13:09:07,PathC_10ms,68.59,LOW,34.154,0.0,0
2026-08-21T13:09:08,PathC_10ms,69.15,VIP,34.165,0.0,1
2026-08-21T13:09:08,PathC_10ms,69.15,MEDIUM,34.17,0.0,0
2026-08-21T13:09:08,PathC_10ms,69.15,LOW,34.191,0.0,0
2026-08-21T13:09:09,PathC_10ms,71.77,VIP,34.198,0.0,1
2026-08-21T13:09:09,PathC_10ms,71.77,MEDIUM,34.186,0.0,0
2026-08-21T13:09:09,PathC_10ms,71.77,LOW,34.193,0.0,0
2026-08-21T13:09:10,PathC_10ms,71.77,VIP,34.181,0.0,1
2026-08-21T13:09:10,PathC_10ms,71.77,MEDIUM,34.166,0.0,0
2026-08-21T13:09:10,PathC_10ms,71.77,LOW,34.205,0.0,0
2026-08-21T13:09:11,PathC_10ms,62.56,VIP,34.964,0.0,1
2026-08-21T13:09:11,PathC_10ms,62.56,MEDIUM,34.938,0.0,0
2026-08-21T13:09:11,PathC_10ms,62.56,LOW,34.95,0.0,0
2026-08-21T13:09:12,PathC_10ms,62.56,VIP,34.161,0.0,1
2026-08-21T13:09:12,PathC_10ms,62.56,MEDIUM,34.207,0.0,0
2026-08-21T13:09:12,PathC_10ms,62.56,LOW,34.21,0.0,0
2026-08-21T13:09:12,PathC_10ms,62.56,VIP,34.189,0.0,1
2026-08-21T13:09:12,PathC_10ms,62.56,MEDIUM,34.181,0.0,0
2026-08-21T13:09:12,PathC_10ms,62.56,LOW,34.231,0.0,0
2026-08-21T13:09:13,PathC_10ms,62.56,VIP,34.22,0.0,1
2026-08-21T13:09:13,PathC_10ms,62.56,MEDIUM,34.179,0.0,0
2026-08-21T13:09:13,PathC_10ms,62.56,LOW,34.18,0.0,0
2026-08-21T13:09:14,PathC_10ms,57.22,VIP,34.195,0.0,1
2026-08-21T13:09:14,PathC_10ms,57.22,MEDIUM,34.182,0.0,0
2026-08-21T13:09:14,PathC_10ms,57.22,LOW,34.194,0.0,0
2026-08-21T13:09:15,PathC_10ms,56.92,VIP,34.177,0.0,1
2026-08-21T13:09:15,PathC_10ms,56.92,MEDIUM,34.223,0.0,0
2026-08-21T13:09:15,PathC_10ms,56.92,LOW,34.199,0.0,0
2026-08-21T13:09:16,PathC_10ms,56.92,VIP,34.615,0.0,1
2026-08-21T13:09:16,PathC_10ms,56.92,MEDIUM,34.656,0.0,0
2026-08-21T13:09:16,PathC_10ms,56.92,LOW,34.648,0.0,0
2026-08-21T13:09:17,PathC_10ms,56.92,VIP,34.272,0.0,1
2026-08-21T13:09:17,PathC_10ms,56.92,MEDIUM,34.273,0.0,0
2026-08-21T13:09:17,PathC_10ms,56.92,LOW,34.254,0.0,0
2026-08-21T13:09:18,PathC_10ms,56.92,VIP,34.2,0.0,1
2026-08-21T13:09:18,PathC_10ms,56.92,MEDIUM,34.154,0.0,0
2026-08-21T13:09:18,PathC_10ms,56.92,LOW,34.181,0.0,0
2026-08-21T13:09:19,PathC_10ms,68.47,VIP,34.296,0.0,1
2026-08-21T13:09:19,PathC_10ms,68.47,MEDIUM,34.29,0.0,0
2026-08-21T13:09:19,PathC_10ms,68.47,LOW,34.23,0.0,0
2026-08-21T13:09:20,PathC_10ms,69.04,VIP,34.166,0.0,1
2026-08-21T13:09:20,PathC_10ms,69.04,MEDIUM,34.21,0.0,0
2026-08-21T13:09:20,PathC_10ms,69.04,LOW,34.214,0.0,0
2026-08-21T13:09:21,PathC_10ms,69.04,VIP,34.147,0.0,1
2026-08-21T13:09:21,PathC_10ms,69.04,MEDIUM,34.162,0.0,0
2026-08-21T13:09:21,PathC_10ms,69.04,LOW,34.188,0.0,0
2026-08-21T13:09:21,PathC_10ms,69.04,VIP,34.17,0.0,1
2026-08-21T13:09:21,PathC_10ms,69.04,MEDIUM,34.195,0.0,0
2026-08-21T13:09:21,PathC_10ms,69.04,LOW,34.161,0.0,0
2026-08-21T13:09:22,PathC_10ms,66.33,VIP,34.194,0.0,1
2026-08-21T13:09:22,PathC_10ms,66.33,MEDIUM,34.211,0.0,0
2026-08-21T13:09:22,PathC_10ms,66.33,LOW,34.245,0.0,0
2026-08-21T13:09:23,PathC_10ms,64.21,VIP,34.564,0.0,1
2026-08-21T13:09:23,PathC_10ms,64.21,MEDIUM,34.576,0.0,0
2026-08-21T13:09:23,PathC_10ms,64.21,LOW,34.428,0.0,0
2026-08-21T13:09:24,PathC_10ms,64.21,VIP,34.186,0.0,1
2026-08-21T13:09:24,PathC_10ms,64.21,MEDIUM,34.169,0.0,0
2026-08-21T13:09:24,PathC_10ms,64.21,LOW,34.165,0.0,0
2026-08-21T13:09:25,PathC_10ms,65.47,VIP,34.211,0.0,1
2026-08-21T13:09:25,PathC_10ms,65.47,MEDIUM,34.164,0.0,0
2026-08-21T13:09:25,PathC_10ms,65.47,LOW,34.179,0.0,0
2026-08-21T13:09:26,PathC_10ms,65.01,VIP,34.197,0.0,1
2026-08-21T13:09:26,PathC_10ms,65.01,MEDIUM,34.212,0.0,0
2026-08-21T13:09:26,PathC_10ms,65.01,LOW,34.189,0.0,0
2026-08-21T13:09:27,PathC_10ms,65.01,VIP,34.18,0.0,1
2026-08-21T13:09:27,PathC_10ms,65.01,MEDIUM,34.15,0.0,0
2026-08-21T13:09:27,PathC_10ms,65.01,LOW,34.169,0.0,0
2026-08-21T13:09:28,PathC_10ms,62.46,VIP,34.183,0.0,1
2026-08-21T13:09:28,PathC_10ms,62.46,MEDIUM,34.198,0.0,0
2026-08-21T13:09:28,PathC_10ms,62.46,LOW,34.189,0.0,0
2026-08-21T13:09:29,PathC_10ms,62.46,VIP,34.189,0.0,1
2026-08-21T13:09:29,PathC_10ms,62.46,MEDIUM,34.203,0.0,0
2026-08-21T13:09:29,PathC_10ms,62.46,LOW,34.145,0.0,0
2026-08-21T13:09:30,PathC_10ms,62.46,VIP,34.17,0.0,1
2026-08-21T13:09:30,PathC_10ms,62.46,MEDIUM,34.173,0.0,0
2026-08-21T13:09:30,PathC_10ms,62.46,LOW,34.168,0.0,0
2026-08-21T13:09:31,PathC_10ms,61.99,VIP,34.833,0.0,1
2026-08-21T13:09:31,PathC_10ms,61.99,MEDIUM,34.853,0.0,0
2026-08-21T13:09:31,PathC_10ms,61.99,LOW,34.88,0.0,0
2026-08-21T13:09:31,PathC_10ms,61.99,VIP,34.3,0.0,1
2026-08-21T13:09:31,PathC_10ms,61.99,MEDIUM,34.294,0.0,0
2026-08-21T13:09:31,PathC_10ms,61.99,LOW,34.241,0.0,0
2026-08-21T13:09:32,PathC_10ms,73.57,VIP,34.19,0.0,1
2026-08-21T13:09:32,PathC_10ms,73.57,MEDIUM,34.232,0.0,0
2026-08-21T13:09:32,PathC_10ms,73.57,LOW,34.197,0.0,0
2026-08-21T13:09:33,PathC_10ms,73.57,VIP,34.179,0.0,1
2026-08-21T13:09:33,PathC_10ms,73.57,MEDIUM,34.206,0.0,0
2026-08-21T13:09:33,PathC_10ms,73.57,LOW,34.206,0.0,0
2026-08-21T13:09:34,PathC_10ms,73.57,VIP,34.251,0.0,1
2026-08-21T13:09:34,PathC_10ms,73.57,MEDIUM,34.186,0.0,0
2026-08-21T13:09:34,PathC_10ms,73.57,LOW,34.209,0.0,0
2026-08-21T13:09:35,PathC_10ms,73.57,VIP,34.204,0.0,1
2026-08-21T13:09:35,PathC_10ms,73.57,MEDIUM,34.231,0.0,0
2026-08-21T13:09:35,PathC_10ms,73.57,LOW,34.183,0.0,0
2026-08-21T13:09:36,PathC_10ms,73.81,VIP,34.176,0.0,1
2026-08-21T13:09:36,PathC_10ms,73.81,MEDIUM,34.174,0.0,0
2026-08-21T13:09:36,PathC_10ms,73.81,LOW,34.174,0.0,0
2026-08-21T13:09:37,PathC_10ms,73.81,VIP,34.203,0.0,1
2026-08-21T13:09:37,PathC_10ms,73.81,MEDIUM,34.202,0.0,0
2026-08-21T13:09:37,PathC_10ms,73.81,LOW,34.199,0.0,0
2026-08-21T13:09:38,PathC_10ms,85.42,VIP,34.18,0.0,1
2026-08-21T13:09:38,PathC_10ms,85.42,MEDIUM,34.166,0.0,0
2026-08-21T13:09:38,PathC_10ms,85.42,LOW,34.153,0.0,0
2026-08-21T13:09:39,PathC_10ms,85.42,VIP,34.259,0.0,1
2026-08-21T13:09:39,PathC_10ms,85.42,MEDIUM,34.276,0.0,0
2026-08-21T13:09:39,PathC_10ms,85.42,LOW,34.277,0.0,0
2026-08-21T13:09:40,PathC_10ms,85.42,VIP,34.224,0.0,1
2026-08-21T13:09:40,PathC_10ms,85.42,MEDIUM,34.216,0.0,0
2026-08-21T13:09:40,PathC_10ms,85.42,LOW,34.219,0.0,0
2026-08-21T13:09:40,PathC_10ms,70.46,VIP,34.457,0.0,1
2026-08-21T13:09:40,PathC_10ms,70.46,MEDIUM,34.47,0.0,0
2026-08-21T13:09:40,PathC_10ms,70.46,LOW,34.478,0.0,0
2026-08-21T13:09:41,PathC_10ms,70.46,VIP,34.188,0.0,1
2026-08-21T13:09:41,PathC_10ms,70.46,MEDIUM,34.199,0.0,0
2026-08-21T13:09:41,PathC_10ms,70.46,LOW,34.192,0.0,0
2026-08-21T13:09:42,PathC_10ms,70.46,VIP,34.167,0.0,1
2026-08-21T13:09:42,PathC_10ms,70.46,MEDIUM,34.181,0.0,0
2026-08-21T13:09:42,PathC_10ms,70.46,LOW,34.202,0.0,0
2026-08-21T13:09:43,PathC_10ms,70.74,VIP,34.182,0.0,1
2026-08-21T13:09:43,PathC_10ms,70.74,MEDIUM,34.176,0.0,0
2026-08-21T13:09:43,PathC_10ms,70.74,LOW,34.184,0.0,0
2026-08-21T13:09:44,PathC_10ms,89.35,VIP,34.35,0.0,1
2026-08-21T13:09:44,PathC_10ms,89.35,MEDIUM,34.196,0.0,0
2026-08-21T13:09:44,PathC_10ms,89.35,LOW,34.367,0.0,0
2026-08-21T13:09:45,PathC_10ms,89.35,VIP,34.278,0.0,1
2026-08-21T13:09:45,PathC_10ms,89.35,MEDIUM,34.277,0.0,0
2026-08-21T13:09:45,PathC_10ms,89.35,LOW,34.201,0.0,0
2026-08-21T13:09:46,PathC_10ms,89.35,VIP,34.181,0.0,1
2026-08-21T13:09:46,PathC_10ms,89.35,MEDIUM,34.461,0.0,0
2026-08-21T13:09:46,PathC_10ms,89.35,LOW,34.27,0.0,0
2026-08-21T13:09:47,PathC_10ms,89.35,VIP,34.218,0.0,1
2026-08-21T13:09:47,PathC_10ms,89.35,MEDIUM,34.247,0.0,0
2026-08-21T13:09:47,PathC_10ms,89.35,LOW,34.191,0.0,0
2026-08-21T13:09:48,PathC_10ms,91.82,VIP,34.211,0.0,1
2026-08-21T13:09:48,PathC_10ms,91.82,MEDIUM,34.173,0.0,0
2026-08-21T13:09:48,PathC_10ms,91.82,LOW,34.207,0.0,0
2026-08-21T13:09:49,PathC_10ms,91.82,VIP,34.231,0.0,1
2026-08-21T13:09:49,PathC_10ms,91.82,MEDIUM,34.23,0.0,0
2026-08-21T13:09:49,PathC_10ms,91.82,LOW,34.234,0.0,0
2026-08-21T13:09:49,PathC_10ms,85.18,VIP,34.228,0.0,1
2026-08-21T13:09:49,PathC_10ms,85.18,MEDIUM,34.177,0.0,0
2026-08-21T13:09:49,PathC_10ms,85.18,LOW,34.224,0.0,0
2026-08-21T13:09:50,PathC_10ms,85.18,VIP,34.983,0.0,1
2026-08-21T13:09:50,PathC_10ms,85.18,MEDIUM,34.991,0.0,0
2026-08-21T13:09:50,PathC_10ms,85.18,LOW,34.846,0.0,0
2026-08-21T13:09:51,PathC_10ms,69.35,VIP,34.205,0.0,1
2026-08-21T13:09:51,PathC_10ms,69.35,MEDIUM,34.206,0.0,0
2026-08-21T13:09:51,PathC_10ms,69.35,LOW,34.188,0.0,0
2026-08-21T13:09:52,PathC_10ms,69.35,VIP,34.199,0.0,1
2026-08-21T13:09:52,PathC_10ms,69.35,MEDIUM,34.178,0.0,0
2026-08-21T13:09:52,PathC_10ms,69.35,LOW,34.164,0.0,0
2026-08-21T13:09:53,PathC_10ms,69.35,VIP,34.661,0.0,1
2026-08-21T13:09:53,PathC_10ms,69.35,MEDIUM,34.661,0.0,0
2026-08-21T13:09:53,PathC_10ms,69.35,LOW,34.658,0.0,0
2026-08-21T13:09:54,PathC_10ms,69.35,VIP,34.211,0.0,1
2026-08-21T13:09:54,PathC_10ms,69.35,MEDIUM,34.19,0.0,0
2026-08-21T13:09:54,PathC_10ms,69.35,LOW,34.193,0.0,0
2026-08-21T13:09:55,PathC_10ms,69.35,VIP,34.237,0.0,1
2026-08-21T13:09:55,PathC_10ms,69.35,MEDIUM,34.237,0.0,0
2026-08-21T13:09:55,PathC_10ms,69.35,LOW,34.227,0.0,0
2026-08-21T13:09:56,PathC_10ms,66.73,VIP,34.187,0.0,1
2026-08-21T13:09:56,PathC_10ms,66.73,MEDIUM,34.181,0.0,0
2026-08-21T13:09:56,PathC_10ms,66.73,LOW,34.188,0.0,0
2026-08-21T13:09:57,PathC_10ms,66.73,VIP,34.193,0.0,1
2026-08-21T13:09:57,PathC_10ms,66.73,MEDIUM,34.158,0.0,0
2026-08-21T13:09:57,PathC_10ms,66.73,LOW,34.202,0.0,0
2026-08-21T13:09:58,PathC_10ms,73.39,VIP,34.178,0.0,1
2026-08-21T13:09:58,PathC_10ms,73.39,MEDIUM,34.202,0.0,0
2026-08-21T13:09:58,PathC_10ms,73.39,LOW,34.154,0.0,0
2026-08-21T13:09:59,PathC_10ms,73.39,VIP,34.226,0.0,1
2026-08-21T13:09:59,PathC_10ms,73.39,MEDIUM,34.214,0.0,0
2026-08-21T13:09:59,PathC_10ms,73.39,LOW,34.2,0.0,0
2026-08-21T13:09:59,PathC_10ms,73.39,VIP,34.322,0.0,1
2026-08-21T13:09:59,PathC_10ms,73.39,MEDIUM,34.388,0.0,0
2026-08-21T13:09:59,PathC_10ms,73.39,LOW,34.267,0.0,0
2026-08-21T13:10:00,PathC_10ms,72.36,VIP,34.176,0.0,1
2026-08-21T13:10:00,PathC_10ms,72.36,MEDIUM,34.166,0.0,0
2026-08-21T13:10:00,PathC_10ms,72.36,LOW,34.162,0.0,0
2026-08-21T13:10:01,PathC_10ms,70.46,VIP,34.549,0.0,1
2026-08-21T13:10:01,PathC_10ms,70.46,MEDIUM,34.498,0.0,0
2026-08-21T13:10:01,PathC_10ms,70.46,LOW,34.582,0.0,0
2026-08-21T13:10:02,PathC_10ms,70.46,VIP,34.21,0.0,1
2026-08-21T13:10:02,PathC_10ms,70.46,MEDIUM,34.251,0.0,0
2026-08-21T13:10:02,PathC_10ms,70.46,LOW,34.221,0.0,0
2026-08-21T13:10:03,PathC_10ms,70.46,VIP,34.19,0.0,1
2026-08-21T13:10:03,PathC_10ms,70.46,MEDIUM,34.198,0.0,0
2026-08-21T13:10:03,PathC_10ms,70.46,LOW,34.175,0.0,0
2026-08-21T13:10:04,PathC_10ms,70.46,VIP,34.166,0.0,1
2026-08-21T13:10:04,PathC_10ms,70.46,MEDIUM,34.174,0.0,0
2026-08-21T13:10:04,PathC_10ms,70.46,LOW,34.196,0.0,0
2026-08-21T13:10:05,PathC_10ms,70.46,VIP,35.041,0.0,1
2026-08-21T13:10:05,PathC_10ms,70.46,MEDIUM,35.009,0.0,0
2026-08-21T13:10:05,PathC_10ms,70.46,LOW,34.542,0.0,0
2026-08-21T13:10:06,PathC_10ms,72.56,VIP,35.106,0.0,1
2026-08-21T13:10:06,PathC_10ms,72.56,MEDIUM,35.12,0.0,0
2026-08-21T13:10:06,PathC_10ms,72.56,LOW,35.142,0.0,0
2026-08-21T13:10:07,PathC_10ms,72.56,VIP,35.208,0.0,1
2026-08-21T13:10:07,PathC_10ms,72.56,MEDIUM,35.232,0.0,0
2026-08-21T13:10:07,PathC_10ms,72.56,LOW,35.188,0.0,0
2026-08-21T13:10:08,PathC_10ms,74.63,VIP,34.151,0.0,1
2026-08-21T13:10:08,PathC_10ms,74.63,MEDIUM,34.162,0.0,0
2026-08-21T13:10:08,PathC_10ms,74.63,LOW,34.157,0.0,0
2026-08-21T13:10:08,PathC_10ms,74.63,VIP,34.211,0.0,1
2026-08-21T13:10:08,PathC_10ms,74.63,MEDIUM,34.205,0.0,0
2026-08-21T13:10:08,PathC_10ms,74.63,LOW,34.195,0.0,0
2026-08-21T13:10:09,PathC_10ms,67.9,VIP,34.207,0.0,1
2026-08-21T13:10:09,PathC_10ms,67.9,MEDIUM,34.201,0.0,0
2026-08-21T13:10:09,PathC_10ms,67.9,LOW,34.201,0.0,0
2026-08-21T13:10:10,PathC_10ms,67.9,VIP,34.203,0.0,1
2026-08-21T13:10:10,PathC_10ms,67.9,MEDIUM,34.197,0.0,0
2026-08-21T13:10:10,PathC_10ms,67.9,LOW,34.197,0.0,0
2026-08-21T13:10:11,PathC_10ms,68.45,VIP,34.159,0.0,1
2026-08-21T13:10:11,PathC_10ms,68.45,MEDIUM,34.214,0.0,0
2026-08-21T13:10:11,PathC_10ms,68.45,LOW,34.202,0.0,0
2026-08-21T13:10:12,PathC_10ms,68.45,VIP,34.193,0.0,1
2026-08-21T13:10:12,PathC_10ms,68.45,MEDIUM,34.198,0.0,0
2026-08-21T13:10:12,PathC_10ms,68.45,LOW,34.2,0.0,0
2026-08-21T13:10:13,PathC_10ms,68.45,VIP,34.242,0.0,1
2026-08-21T13:10:13,PathC_10ms,68.45,MEDIUM,34.229,0.0,0
2026-08-21T13:10:13,PathC_10ms,68.45,LOW,34.17,0.0,0
2026-08-21T13:10:14,PathC_10ms,64.85,VIP,34.383,0.0,1
2026-08-21T13:10:14,PathC_10ms,64.85,MEDIUM,34.476,0.0,0
2026-08-21T13:10:14,PathC_10ms,64.85,LOW,34.466,0.0,0
2026-08-21T13:10:15,PathC_10ms,64.85,VIP,34.187,0.0,1
2026-08-21T13:10:15,PathC_10ms,64.85,MEDIUM,34.187,0.0,0
2026-08-21T13:10:15,PathC_10ms,64.85,LOW,34.159,0.0,0
2026-08-21T13:10:16,PathC_10ms,64.85,VIP,34.171,0.0,1
2026-08-21T13:10:16,PathC_10ms,64.85,MEDIUM,34.168,0.0,0
2026-08-21T13:10:16,PathC_10ms,64.85,LOW,34.195,0.0,0
2026-08-21T13:10:17,PathC_10ms,67.36,VIP,34.226,0.0,1
2026-08-21T13:10:17,PathC_10ms,67.36,MEDIUM,34.226,0.0,0
2026-08-21T13:10:17,PathC_10ms,67.36,LOW,34.245,0.0,0
2026-08-21T13:10:17,PathC_10ms,67.36,VIP,34.177,0.0,1
2026-08-21T13:10:17,PathC_10ms,67.36,MEDIUM,34.215,0.0,0
2026-08-21T13:10:17,PathC_10ms,67.36,LOW,34.185,0.0,0
2026-08-21T13:10:18,PathC_10ms,67.36,VIP,34.187,0.0,1
2026-08-21T13:10:18,PathC_10ms,67.36,MEDIUM,34.197,0.0,0
2026-08-21T13:10:18,PathC_10ms,67.36,LOW,34.194,0.0,0
2026-08-21T13:10:19,PathC_10ms,70.84,VIP,34.153,0.0,1
2026-08-21T13:10:19,PathC_10ms,70.84,MEDIUM,34.176,0.0,0
2026-08-21T13:10:19,PathC_10ms,70.84,LOW,34.195,0.0,0
2026-08-21T13:10:20,PathC_10ms,80.72,VIP,34.213,0.0,1
2026-08-21T13:10:20,PathC_10ms,80.72,MEDIUM,34.183,0.0,0
2026-08-21T13:10:20,PathC_10ms,80.72,LOW,34.205,0.0,0
2026-08-21T13:10:21,PathC_10ms,80.72,VIP,34.163,0.0,1
2026-08-21T13:10:21,PathC_10ms,80.72,MEDIUM,34.204,0.0,0
2026-08-21T13:10:21,PathC_10ms,80.72,LOW,34.201,0.0,0
2026-08-21T13:10:22,PathC_10ms,80.72,VIP,34.21,0.0,1
2026-08-21T13:10:22,PathC_10ms,80.72,MEDIUM,34.159,0.0,0
2026-08-21T13:10:22,PathC_10ms,80.72,LOW,34.192,0.0,0
2026-08-21T13:10:23,PathC_10ms,59.47,VIP,34.183,0.0,1
2026-08-21T13:10:23,PathC_10ms,59.47,MEDIUM,34.165,0.0,0
2026-08-21T13:10:23,PathC_10ms,59.47,LOW,34.142,0.0,0
2026-08-21T13:10:24,PathC_10ms,59.47,VIP,34.188,0.0,1
2026-08-21T13:10:24,PathC_10ms,59.47,MEDIUM,34.171,0.0,0
2026-08-21T13:10:24,PathC_10ms,59.47,LOW,34.184,0.0,0
2026-08-21T13:10:25,PathC_10ms,73.39,VIP,34.161,0.0,1
2026-08-21T13:10:25,PathC_10ms,73.39,MEDIUM,34.191,0.0,0
2026-08-21T13:10:25,PathC_10ms,73.39,LOW,34.178,0.0,0
2026-08-21T13:10:26,PathC_10ms,73.39,VIP,34.172,0.0,1
2026-08-21T13:10:26,PathC_10ms,73.39,MEDIUM,34.187,0.0,0
2026-08-21T13:10:26,PathC_10ms,73.39,LOW,34.204,0.0,0
2026-08-21T13:10:26,PathC_10ms,73.39,VIP,34.207,0.0,1
2026-08-21T13:10:26,PathC_10ms,73.39,MEDIUM,34.186,0.0,0
2026-08-21T13:10:26,PathC_10ms,73.39,LOW,34.205,0.0,0
2026-08-21T13:10:27,PathC_10ms,73.39,VIP,34.817,0.0,1
2026-08-21T13:10:27,PathC_10ms,73.39,MEDIUM,34.93,0.0,0
2026-08-21T13:10:27,PathC_10ms,73.39,LOW,34.87,0.0,0
2026-08-21T13:10:28,PathC_10ms,73.41,VIP,35.189,0.0,1
2026-08-21T13:10:28,PathC_10ms,73.41,MEDIUM,34.654,0.0,0
2026-08-21T13:10:28,PathC_10ms,73.41,LOW,35.297,0.0,0
2026-08-21T13:10:29,PathC_10ms,73.41,VIP,34.22,0.0,1
2026-08-21T13:10:29,PathC_10ms,73.41,MEDIUM,34.239,0.0,0
2026-08-21T13:10:29,PathC_10ms,73.41,LOW,34.16,0.0,0
2026-08-21T13:10:30,PathC_10ms,71.58,VIP,34.191,0.0,1
2026-08-21T13:10:30,PathC_10ms,71.58,MEDIUM,34.202,0.0,0
2026-08-21T13:10:30,PathC_10ms,71.58,LOW,34.23,0.0,0
2026-08-21T13:10:31,PathC_10ms,71.58,VIP,34.186,0.0,1
2026-08-21T13:10:31,PathC_10ms,71.58,MEDIUM,34.181,0.0,0
2026-08-21T13:10:31,PathC_10ms,71.58,LOW,34.195,0.0,0
2026-08-21T13:10:32,PathC_10ms,71.58,VIP,34.282,0.0,1
2026-08-21T13:10:32,PathC_10ms,71.58,MEDIUM,34.232,0.0,0
2026-08-21T13:10:32,PathC_10ms,71.58,LOW,34.271,0.0,0
2026-08-21T13:10:33,PathC_10ms,71.58,VIP,37.929,0.0,1
2026-08-21T13:10:33,PathC_10ms,71.58,MEDIUM,37.215,0.0,0
2026-08-21T13:10:33,PathC_10ms,71.58,LOW,38.126,0.0,0
2026-08-21T13:10:34,PathC_10ms,71.58,VIP,37.358,0.0,1
2026-08-21T13:10:34,PathC_10ms,71.58,MEDIUM,36.213,0.0,0
2026-08-21T13:10:34,PathC_10ms,71.58,LOW,36.288,0.0,0
2026-08-21T13:10:35,PathC_10ms,58.72,VIP,34.539,0.0,1
2026-08-21T13:10:35,PathC_10ms,58.72,MEDIUM,34.979,0.0,0
2026-08-21T13:10:35,PathC_10ms,58.72,LOW,34.553,0.0,0
2026-08-21T13:10:36,PathC_10ms,58.72,VIP,34.177,0.0,1
2026-08-21T13:10:36,PathC_10ms,58.72,MEDIUM,34.179,0.0,0
2026-08-21T13:10:36,PathC_10ms,58.72,LOW,34.205,0.0,0
2026-08-21T13:10:36,PathC_10ms,58.72,VIP,34.166,0.0,1
2026-08-21T13:10:36,PathC_10ms,58.72,MEDIUM,34.153,0.0,0
2026-08-21T13:10:36,PathC_10ms,58.72,LOW,34.144,0.0,0
2026-08-21T13:10:37,PathC_10ms,58.72,VIP,34.183,0.0,1
2026-08-21T13:10:37,PathC_10ms,58.72,MEDIUM,34.21,0.0,0
2026-08-21T13:10:37,PathC_10ms,58.72,LOW,34.212,0.0,0
2026-08-21T13:10:38,PathC_10ms,58.72,VIP,34.21,0.0,1
2026-08-21T13:10:38,PathC_10ms,58.72,MEDIUM,34.203,0.0,0
2026-08-21T13:10:38,PathC_10ms,58.72,LOW,34.215,0.0,0
2026-08-21T13:10:39,PathC_10ms,58.72,VIP,34.671,0.0,1
2026-08-21T13:10:39,PathC_10ms,58.72,MEDIUM,34.141,0.0,0
2026-08-21T13:10:39,PathC_10ms,58.72,LOW,34.165,0.0,0
2026-08-21T13:10:40,PathC_10ms,54.53,VIP,38.454,0.0,1
2026-08-21T13:10:40,PathC_10ms,54.53,MEDIUM,37.875,0.0,0
2026-08-21T13:10:40,PathC_10ms,54.53,LOW,37.514,0.0,0
2026-08-21T13:10:41,PathC_10ms,54.53,VIP,34.172,0.0,1
2026-08-21T13:10:41,PathC_10ms,54.53,MEDIUM,34.147,0.0,0
2026-08-21T13:10:41,PathC_10ms,54.53,LOW,34.212,0.0,0
2026-08-21T13:10:42,PathC_10ms,58.92,VIP,34.234,0.0,1
2026-08-21T13:10:42,PathC_10ms,58.92,MEDIUM,34.22,0.0,0
2026-08-21T13:10:42,PathC_10ms,58.92,LOW,34.236,0.0,0
2026-08-21T13:10:43,PathC_10ms,58.92,VIP,34.52,0.0,1
2026-08-21T13:10:43,PathC_10ms,58.92,MEDIUM,34.416,0.0,0
2026-08-21T13:10:43,PathC_10ms,58.92,LOW,34.485,0.0,0
2026-08-21T13:10:44,PathC_10ms,58.92,VIP,34.157,0.0,1
2026-08-21T13:10:44,PathC_10ms,58.92,MEDIUM,34.194,0.0,0
2026-08-21T13:10:44,PathC_10ms,58.92,LOW,34.16,0.0,0
2026-08-21T13:10:45,PathC_10ms,58.92,VIP,35.292,0.0,1
2026-08-21T13:10:45,PathC_10ms,58.92,MEDIUM,35.098,0.0,0
2026-08-21T13:10:45,PathC_10ms,58.92,LOW,35.283,0.0,0
2026-08-21T13:10:46,PathC_10ms,60.09,VIP,34.803,0.0,1
2026-08-21T13:10:46,PathC_10ms,60.09,MEDIUM,34.737,0.0,0
2026-08-21T13:10:46,PathC_10ms,60.09,LOW,35.43,0.0,0
2026-08-21T13:10:46,PathC_10ms,58.13,VIP,34.255,0.0,1
2026-08-21T13:10:46,PathC_10ms,58.13,MEDIUM,34.19,0.0,0
2026-08-21T13:10:46,PathC_10ms,58.13,LOW,34.253,0.0,0
2026-08-21T13:10:47,PathC_10ms,58.13,VIP,34.313,0.0,1
2026-08-21T13:10:47,PathC_10ms,58.13,MEDIUM,34.297,0.0,0
2026-08-21T13:10:47,PathC_10ms,58.13,LOW,34.325,0.0,0
2026-08-21T13:10:48,PathC_10ms,58.13,VIP,34.179,0.0,1
2026-08-21T13:10:48,PathC_10ms,58.13,MEDIUM,34.179,0.0,0
2026-08-21T13:10:48,PathC_10ms,58.13,LOW,34.158,0.0,0
2026-08-21T13:10:49,PathC_10ms,58.13,VIP,34.875,0.0,1
2026-08-21T13:10:49,PathC_10ms,58.13,MEDIUM,35.016,0.0,0
2026-08-21T13:10:49,PathC_10ms,58.13,LOW,34.687,0.0,0
2026-08-21T13:10:50,PathC_10ms,58.13,VIP,35.86,0.0,1
2026-08-21T13:10:50,PathC_10ms,58.13,MEDIUM,35.846,0.0,0
2026-08-21T13:10:50,PathC_10ms,58.13,LOW,35.759,0.0,0
2026-08-21T13:10:51,PathC_10ms,57.33,VIP,35.615,0.0,1
2026-08-21T13:10:51,PathC_10ms,57.33,MEDIUM,35.841,0.0,0
2026-08-21T13:10:51,PathC_10ms,57.33,LOW,35.727,0.0,0
2026-08-21T13:10:52,PathC_10ms,57.02,VIP,34.49,0.0,1
2026-08-21T13:10:52,PathC_10ms,57.02,MEDIUM,34.612,0.0,0
2026-08-21T13:10:52,PathC_10ms,57.02,LOW,34.644,0.0,0
2026-08-21T13:10:53,PathC_10ms,57.02,VIP,34.208,0.0,1
2026-08-21T13:10:53,PathC_10ms,57.02,MEDIUM,34.21,0.0,0
2026-08-21T13:10:53,PathC_10ms,57.02,LOW,34.189,0.0,0
2026-08-21T13:10:54,PathC_10ms,57.02,VIP,34.215,0.0,1
2026-08-21T13:10:54,PathC_10ms,57.02,MEDIUM,34.161,0.0,0
2026-08-21T13:10:54,PathC_10ms,57.02,LOW,34.19,0.0,0
2026-08-21T13:10:55,PathC_10ms,57.02,VIP,34.184,0.0,1
2026-08-21T13:10:55,PathC_10ms,57.02,MEDIUM,34.191,0.0,0
2026-08-21T13:10:55,PathC_10ms,57.02,LOW,34.168,0.0,0
2026-08-21T13:10:55,PathC_10ms,57.02,VIP,34.187,0.0,1
2026-08-21T13:10:55,PathC_10ms,57.02,MEDIUM,34.201,0.0,0
2026-08-21T13:10:55,PathC_10ms,57.02,LOW,34.221,0.0,0
2026-08-21T13:10:56,PathC_10ms,57.02,VIP,34.551,0.0,1
2026-08-21T13:10:56,PathC_10ms,57.02,MEDIUM,36.19,0.0,0
2026-08-21T13:10:56,PathC_10ms,57.02,LOW,34.452,0.0,0
2026-08-21T13:10:57,PathC_10ms,57.02,VIP,35.959,0.0,1
2026-08-21T13:10:57,PathC_10ms,57.02,MEDIUM,36.636,0.0,0
2026-08-21T13:10:57,PathC_10ms,57.02,LOW,37.0,0.0,0
2026-08-21T13:10:58,PathC_10ms,69.67,VIP,36.446,0.0,1
2026-08-21T13:10:58,PathC_10ms,69.67,MEDIUM,36.471,0.0,0
2026-08-21T13:10:58,PathC_10ms,69.67,LOW,36.447,0.0,0
2026-08-21T13:10:59,PathC_10ms,69.67,VIP,34.211,0.0,1
2026-08-21T13:10:59,PathC_10ms,69.67,MEDIUM,34.189,0.0,0
2026-08-21T13:10:59,PathC_10ms,69.67,LOW,34.202,0.0,0
2026-08-21T13:11:00,PathC_10ms,69.67,VIP,34.291,0.0,1
2026-08-21T13:11:00,PathC_10ms,69.67,MEDIUM,34.322,0.0,0
2026-08-21T13:11:00,PathC_10ms,69.67,LOW,34.278,0.0,0
2026-08-21T13:11:01,PathC_10ms,69.67,VIP,35.449,0.0,1
2026-08-21T13:11:01,PathC_10ms,69.67,MEDIUM,35.282,0.0,0
2026-08-21T13:11:01,PathC_10ms,69.67,LOW,35.258,0.0,0
2026-08-21T13:11:02,PathC_10ms,69.67,VIP,34.279,0.0,1
2026-08-21T13:11:02,PathC_10ms,69.67,MEDIUM,34.255,0.0,0
2026-08-21T13:11:02,PathC_10ms,69.67,LOW,34.197,0.0,0
2026-08-21T13:11:03,PathC_10ms,69.67,VIP,34.792,0.0,1
2026-08-21T13:11:03,PathC_10ms,69.67,MEDIUM,35.434,0.0,0
2026-08-21T13:11:03,PathC_10ms,69.67,LOW,35.396,0.0,0
2026-08-21T13:11:04,PathC_10ms,70.9,VIP,35.18,0.0,1
2026-08-21T13:11:04,PathC_10ms,70.9,MEDIUM,35.267,0.0,0
2026-08-21T13:11:04,PathC_10ms,70.9,LOW,35.198,0.0,0
2026-08-21T13:11:05,PathC_10ms,70.9,VIP,34.536,0.0,1
2026-08-21T13:11:05,PathC_10ms,70.9,MEDIUM,34.474,0.0,0
2026-08-21T13:11:05,PathC_10ms,70.9,LOW,34.536,0.0,0
2026-08-21T13:11:05,PathC_10ms,70.71,VIP,34.218,0.0,1
2026-08-21T13:11:05,PathC_10ms,70.71,MEDIUM,34.187,0.0,0
2026-08-21T13:11:05,PathC_10ms,70.71,LOW,34.201,0.0,0
2026-08-21T13:11:06,PathC_10ms,70.71,VIP,34.261,0.0,1
2026-08-21T13:11:06,PathC_10ms,70.71,MEDIUM,34.246,0.0,0
2026-08-21T13:11:06,PathC_10ms,70.71,LOW,34.238,0.0,0
2026-08-21T13:11:07,PathC_10ms,70.71,VIP,34.254,0.0,1
2026-08-21T13:11:07,PathC_10ms,70.71,MEDIUM,34.463,0.0,0
2026-08-21T13:11:07,PathC_10ms,70.71,LOW,34.249,0.0,0
2026-08-21T13:11:08,PathC_10ms,70.71,VIP,35.049,0.0,1
2026-08-21T13:11:08,PathC_10ms,70.71,MEDIUM,36.868,0.0,0
2026-08-21T13:11:08,PathC_10ms,70.71,LOW,35.52,0.0,0
2026-08-21T13:11:09,PathC_10ms,76.89,VIP,34.967,0.0,1
2026-08-21T13:11:09,PathC_10ms,76.89,MEDIUM,35.077,0.0,0
2026-08-21T13:11:09,PathC_10ms,76.89,LOW,34.976,0.0,0
2026-08-21T13:11:10,PathC_10ms,76.23,VIP,34.22,0.0,1
2026-08-21T13:11:10,PathC_10ms,76.23,MEDIUM,34.197,0.0,0
2026-08-21T13:11:10,PathC_10ms,76.23,LOW,34.172,0.0,0
2026-08-21T13:11:11,PathC_10ms,76.23,VIP,34.173,0.0,1
2026-08-21T13:11:11,PathC_10ms,76.23,MEDIUM,34.202,0.0,0
2026-08-21T13:11:11,PathC_10ms,76.23,LOW,34.209,0.0,0
2026-08-21T13:11:12,PathC_10ms,76.23,VIP,34.168,0.0,1
2026-08-21T13:11:12,PathC_10ms,76.23,MEDIUM,34.195,0.0,0
2026-08-21T13:11:12,PathC_10ms,76.23,LOW,34.212,0.0,0
2026-08-21T13:11:13,PathC_10ms,76.23,VIP,35.42,0.0,1
2026-08-21T13:11:13,PathC_10ms,76.23,MEDIUM,35.543,0.0,0
2026-08-21T13:11:13,PathC_10ms,76.23,LOW,35.522,0.0,0
2026-08-21T13:11:14,PathC_10ms,76.23,VIP,35.279,0.0,1
2026-08-21T13:11:14,PathC_10ms,76.23,MEDIUM,34.972,0.0,0
2026-08-21T13:11:14,PathC_10ms,76.23,LOW,35.519,0.0,0
2026-08-21T13:11:14,PathC_10ms,76.23,VIP,35.704,0.0,1
2026-08-21T13:11:14,PathC_10ms,76.23,MEDIUM,35.353,0.0,0
2026-08-21T13:11:14,PathC_10ms,76.23,LOW,34.916,0.0,0
2026-08-21T13:11:15,PathC_10ms,61.62,VIP,34.734,0.0,1
2026-08-21T13:11:15,PathC_10ms,61.62,MEDIUM,34.687,0.0,0
2026-08-21T13:11:15,PathC_10ms,61.62,LOW,34.739,0.0,0
2026-08-21T13:11:16,PathC_10ms,61.62,VIP,34.194,0.0,1
2026-08-21T13:11:16,PathC_10ms,61.62,MEDIUM,34.184,0.0,0
2026-08-21T13:11:16,PathC_10ms,61.62,LOW,34.182,0.0,0
2026-08-21T13:11:17,PathC_10ms,61.62,VIP,34.455,0.0,1
2026-08-21T13:11:17,PathC_10ms,61.62,MEDIUM,34.707,0.0,0
2026-08-21T13:11:17,PathC_10ms,61.62,LOW,34.772,0.0,0
2026-08-21T13:11:18,PathC_10ms,61.62,VIP,34.19,0.0,1
2026-08-21T13:11:18,PathC_10ms,61.62,MEDIUM,34.383,0.0,0
2026-08-21T13:11:18,PathC_10ms,61.62,LOW,34.37,0.0,0
2026-08-21T13:11:19,PathC_10ms,68.5,VIP,36.084,0.0,1
2026-08-21T13:11:19,PathC_10ms,68.5,MEDIUM,36.146,0.0,0
2026-08-21T13:11:19,PathC_10ms,68.5,LOW,36.104,0.0,0
2026-08-21T13:11:20,PathC_10ms,68.5,VIP,34.195,0.0,1
2026-08-21T13:11:20,PathC_10ms,68.5,MEDIUM,34.22,0.0,0
2026-08-21T13:11:20,PathC_10ms,68.5,LOW,34.166,0.0,0
2026-08-21T13:11:21,PathC_10ms,68.5,VIP,34.277,0.0,1
2026-08-21T13:11:21,PathC_10ms,68.5,MEDIUM,34.3,0.0,0
2026-08-21T13:11:21,PathC_10ms,68.5,LOW,34.3,0.0,0
2026-08-21T13:11:22,PathC_10ms,68.5,VIP,36.732,0.0,1
2026-08-21T13:11:22,PathC_10ms,68.5,MEDIUM,36.847,0.0,0
2026-08-21T13:11:22,PathC_10ms,68.5,LOW,37.078,0.0,0
2026-08-21T13:11:23,PathC_10ms,80.29,VIP,36.021,0.0,1
2026-08-21T13:11:23,PathC_10ms,80.29,MEDIUM,35.899,0.0,0
2026-08-21T13:11:23,PathC_10ms,80.29,LOW,36.728,0.0,0
2026-08-21T13:11:24,PathC_10ms,83.29,VIP,34.178,0.0,1
2026-08-21T13:11:24,PathC_10ms,83.29,MEDIUM,34.214,0.0,0
2026-08-21T13:11:24,PathC_10ms,83.29,LOW,34.187,0.0,0
2026-08-21T13:11:24,PathC_10ms,83.29,VIP,34.194,0.0,1
2026-08-21T13:11:24,PathC_10ms,83.29,MEDIUM,34.211,0.0,0
2026-08-21T13:11:24,PathC_10ms,83.29,LOW,34.157,0.0,0
2026-08-21T13:11:25,PathC_10ms,83.29,VIP,34.191,0.0,1
2026-08-21T13:11:25,PathC_10ms,83.29,MEDIUM,34.197,0.0,0
2026-08-21T13:11:25,PathC_10ms,83.29,LOW,34.205,0.0,0
2026-08-21T13:11:26,PathC_10ms,83.29,VIP,35.072,0.0,1
2026-08-21T13:11:26,PathC_10ms,83.29,MEDIUM,34.719,0.0,0
2026-08-21T13:11:26,PathC_10ms,83.29,LOW,35.229,0.0,0
2026-08-21T13:11:27,PathC_10ms,83.29,VIP,36.652,0.0,1
2026-08-21T13:11:27,PathC_10ms,83.29,MEDIUM,37.274,0.0,0
2026-08-21T13:11:27,PathC_10ms,83.29,LOW,36.616,0.0,0
2026-08-21T13:11:28,PathC_10ms,69.27,VIP,36.447,0.0,1
2026-08-21T13:11:28,PathC_10ms,69.27,MEDIUM,36.457,0.0,0
2026-08-21T13:11:28,PathC_10ms,69.27,LOW,36.433,0.0,0
2026-08-21T13:11:29,PathC_10ms,69.27,VIP,34.227,0.0,1
2026-08-21T13:11:29,PathC_10ms,69.27,MEDIUM,34.198,0.0,0
2026-08-21T13:11:29,PathC_10ms,69.27,LOW,34.227,0.0,0
2026-08-21T13:11:30,PathC_10ms,69.27,VIP,34.186,0.0,1
2026-08-21T13:11:30,PathC_10ms,69.27,MEDIUM,34.217,0.0,0
2026-08-21T13:11:30,PathC_10ms,69.27,LOW,34.208,0.0,0
2026-08-21T13:11:31,PathC_10ms,69.27,VIP,34.2,0.0,1
2026-08-21T13:11:31,PathC_10ms,69.27,MEDIUM,34.215,0.0,0
2026-08-21T13:11:31,PathC_10ms,69.27,LOW,34.197,0.0,0
2026-08-21T13:11:32,PathC_10ms,69.27,VIP,34.244,0.0,1
2026-08-21T13:11:32,PathC_10ms,69.27,MEDIUM,34.179,0.0,0
2026-08-21T13:11:32,PathC_10ms,69.27,LOW,34.217,0.0,0
2026-08-21T13:11:33,PathC_10ms,69.27,VIP,34.162,0.0,1
2026-08-21T13:11:33,PathC_10ms,69.27,MEDIUM,34.158,0.0,0
2026-08-21T13:11:33,PathC_10ms,69.27,LOW,34.161,0.0,0
2026-08-21T13:11:33,PathC_10ms,69.27,VIP,34.608,0.0,1
2026-08-21T13:11:33,PathC_10ms,69.27,MEDIUM,34.555,0.0,0
2026-08-21T13:11:33,PathC_10ms,69.27,LOW,34.515,0.0,0
2026-08-21T13:11:34,PathC_10ms,66.71,VIP,34.869,0.0,1
2026-08-21T13:11:34,PathC_10ms,66.71,MEDIUM,34.82,0.0,0
2026-08-21T13:11:34,PathC_10ms,66.71,LOW,34.893,0.0,0
2026-08-21T13:11:35,PathC_10ms,66.71,VIP,34.175,0.0,1
2026-08-21T13:11:35,PathC_10ms,66.71,MEDIUM,34.162,0.0,0
2026-08-21T13:11:35,PathC_10ms,66.71,LOW,34.178,0.0,0
2026-08-21T13:11:36,PathC_10ms,69.24,VIP,34.176,0.0,1
2026-08-21T13:11:36,PathC_10ms,69.24,MEDIUM,34.161,0.0,0
2026-08-21T13:11:36,PathC_10ms,69.24,LOW,34.175,0.0,0
2026-08-21T13:11:37,PathC_10ms,69.24,VIP,34.177,0.0,1
2026-08-21T13:11:37,PathC_10ms,69.24,MEDIUM,34.155,0.0,0
2026-08-21T13:11:37,PathC_10ms,69.24,LOW,34.169,0.0,0
2026-08-21T13:11:38,PathC_10ms,69.24,VIP,34.141,0.0,1
2026-08-21T13:11:38,PathC_10ms,69.24,MEDIUM,34.159,0.0,0
2026-08-21T13:11:38,PathC_10ms,69.24,LOW,34.145,0.0,0
2026-08-21T13:11:39,PathC_10ms,69.24,VIP,34.195,0.0,1
2026-08-21T13:11:39,PathC_10ms,69.24,MEDIUM,34.219,0.0,0
2026-08-21T13:11:39,PathC_10ms,69.24,LOW,34.69,0.0,0
2026-08-21T13:11:40,PathC_10ms,67.6,VIP,34.181,0.0,1
2026-08-21T13:11:40,PathC_10ms,67.6,MEDIUM,34.21,0.0,0
2026-08-21T13:11:40,PathC_10ms,67.6,LOW,34.199,0.0,0
2026-08-21T13:11:41,PathC_10ms,67.58,VIP,34.155,0.0,1
2026-08-21T13:11:41,PathC_10ms,67.58,MEDIUM,34.16,0.0,0
2026-08-21T13:11:41,PathC_10ms,67.58,LOW,34.189,0.0,0
2026-08-21T13:11:42,PathC_10ms,67.58,VIP,34.801,0.0,1
2026-08-21T13:11:42,PathC_10ms,67.58,MEDIUM,34.803,0.0,0
2026-08-21T13:11:42,PathC_10ms,67.58,LOW,34.746,0.0,0
2026-08-21T13:11:43,PathC_10ms,67.58,VIP,34.163,0.0,1
2026-08-21T13:11:43,PathC_10ms,67.58,MEDIUM,34.191,0.0,0
2026-08-21T13:11:43,PathC_10ms,67.58,LOW,34.176,0.0,0
2026-08-21T13:11:43,PathC_10ms,67.58,VIP,35.028,0.0,1
2026-08-21T13:11:43,PathC_10ms,67.58,MEDIUM,35.057,0.0,0
2026-08-21T13:11:43,PathC_10ms,67.58,LOW,35.068,0.0,0
2026-08-21T13:11:44,PathC_10ms,67.58,VIP,34.156,0.0,1
2026-08-21T13:11:44,PathC_10ms,67.58,MEDIUM,34.176,0.0,0
2026-08-21T13:11:44,PathC_10ms,67.58,LOW,34.181,0.0,0
2026-08-21T13:11:45,PathC_10ms,67.58,VIP,34.873,0.0,1
2026-08-21T13:11:45,PathC_10ms,67.58,MEDIUM,34.715,0.0,0
2026-08-21T13:11:45,PathC_10ms,67.58,LOW,34.835,0.0,0
2026-08-21T13:11:46,PathC_10ms,77.57,VIP,35.713,0.0,1
2026-08-21T13:11:46,PathC_10ms,77.57,MEDIUM,35.593,0.0,0
2026-08-21T13:11:46,PathC_10ms,77.57,LOW,35.669,0.0,0
2026-08-21T13:11:47,PathC_10ms,70.73,VIP,34.231,0.0,1
2026-08-21T13:11:47,PathC_10ms,70.73,MEDIUM,34.643,0.0,0
2026-08-21T13:11:47,PathC_10ms,70.73,LOW,34.648,0.0,0
2026-08-21T13:11:48,PathC_10ms,70.73,VIP,34.183,0.0,1
2026-08-21T13:11:48,PathC_10ms,70.73,MEDIUM,34.199,0.0,0
2026-08-21T13:11:48,PathC_10ms,70.73,LOW,34.193,0.0,0
2026-08-21T13:11:49,PathC_10ms,70.73,VIP,34.199,0.0,1
2026-08-21T13:11:49,PathC_10ms,70.73,MEDIUM,34.195,0.0,0
2026-08-21T13:11:49,PathC_10ms,70.73,LOW,34.15,0.0,0
2026-08-21T13:11:50,PathC_10ms,70.73,VIP,34.164,0.0,1
2026-08-21T13:11:50,PathC_10ms,70.73,MEDIUM,34.171,0.0,0
2026-08-21T13:11:50,PathC_10ms,70.73,LOW,34.154,0.0,0
2026-08-21T13:11:51,PathC_10ms,70.73,VIP,34.136,0.0,1
2026-08-21T13:11:51,PathC_10ms,70.73,MEDIUM,34.177,0.0,0
2026-08-21T13:11:51,PathC_10ms,70.73,LOW,34.169,0.0,0
2026-08-21T13:11:52,PathC_10ms,70.07,VIP,34.321,0.0,1
2026-08-21T13:11:52,PathC_10ms,70.07,MEDIUM,34.278,0.0,0
2026-08-21T13:11:52,PathC_10ms,70.07,LOW,34.317,0.0,0
2026-08-21T13:11:52,PathC_10ms,70.07,VIP,34.206,0.0,1
2026-08-21T13:11:52,PathC_10ms,70.07,MEDIUM,34.215,0.0,0
2026-08-21T13:11:52,PathC_10ms,70.07,LOW,34.219,0.0,0
2026-08-21T13:11:53,PathC_10ms,77.13,VIP,34.225,0.0,1
2026-08-21T13:11:53,PathC_10ms,77.13,MEDIUM,34.198,0.0,0
2026-08-21T13:11:53,PathC_10ms,77.13,LOW,34.234,0.0,0
2026-08-21T13:11:54,PathC_10ms,77.13,VIP,34.146,0.0,1
2026-08-21T13:11:54,PathC_10ms,77.13,MEDIUM,34.185,0.0,0
2026-08-21T13:11:54,PathC_10ms,77.13,LOW,34.155,0.0,0
2026-08-21T13:11:55,PathC_10ms,77.13,VIP,35.183,0.0,1
2026-08-21T13:11:55,PathC_10ms,77.13,MEDIUM,35.407,0.0,0
2026-08-21T13:11:55,PathC_10ms,77.13,LOW,35.442,0.0,0
2026-08-21T13:11:56,PathC_10ms,79.34,VIP,36.361,0.0,1
2026-08-21T13:11:56,PathC_10ms,79.34,MEDIUM,36.46,0.0,0
2026-08-21T13:11:56,PathC_10ms,79.34,LOW,36.548,0.0,0
2026-08-21T13:11:57,PathC_10ms,79.34,VIP,34.243,0.0,1
2026-08-21T13:11:57,PathC_10ms,79.34,MEDIUM,34.221,0.0,0
2026-08-21T13:11:57,PathC_10ms,79.34,LOW,34.218,0.0,0
2026-08-21T13:11:58,PathC_10ms,61.37,VIP,34.241,0.0,1
2026-08-21T13:11:58,PathC_10ms,61.37,MEDIUM,34.237,0.0,0
2026-08-21T13:11:58,PathC_10ms,61.37,LOW,34.245,0.0,0
2026-08-21T13:11:59,PathC_10ms,61.37,VIP,34.144,0.0,1
2026-08-21T13:11:59,PathC_10ms,61.37,MEDIUM,34.124,0.0,0
2026-08-21T13:11:59,PathC_10ms,61.37,LOW,34.14,0.0,0
2026-08-21T13:12:00,PathC_10ms,61.37,VIP,35.002,0.0,1
2026-08-21T13:12:00,PathC_10ms,61.37,MEDIUM,34.955,0.0,0
2026-08-21T13:12:00,PathC_10ms,61.37,LOW,35.008,0.0,0
2026-08-21T13:12:01,PathC_10ms,58.61,VIP,34.605,0.0,1
2026-08-21T13:12:01,PathC_10ms,58.61,MEDIUM,34.64,0.0,0
2026-08-21T13:12:01,PathC_10ms,58.61,LOW,34.594,0.0,0
2026-08-21T13:12:02,PathC_10ms,58.61,VIP,34.181,0.0,1
2026-08-21T13:12:02,PathC_10ms,58.61,MEDIUM,34.209,0.0,0
2026-08-21T13:12:02,PathC_10ms,58.61,LOW,34.237,0.0,0
2026-08-21T13:12:02,PathC_10ms,58.61,VIP,34.205,0.0,1
2026-08-21T13:12:02,PathC_10ms,58.61,MEDIUM,34.201,0.0,0
2026-08-21T13:12:02,PathC_10ms,58.61,LOW,34.201,0.0,0
2026-08-21T13:12:03,PathC_10ms,58.61,VIP,34.169,0.0,1
2026-08-21T13:12:03,PathC_10ms,58.61,MEDIUM,34.187,0.0,0
2026-08-21T13:12:03,PathC_10ms,58.61,LOW,34.17,0.0,0
2026-08-21T13:12:04,PathC_10ms,58.61,VIP,34.232,0.0,1
2026-08-21T13:12:04,PathC_10ms,58.61,MEDIUM,34.207,0.0,0
2026-08-21T13:12:04,PathC_10ms,58.61,LOW,34.186,0.0,0
2026-08-21T13:12:05,PathC_10ms,70.96,VIP,34.271,0.0,1
2026-08-21T13:12:05,PathC_10ms,70.96,MEDIUM,34.273,0.0,0
2026-08-21T13:12:05,PathC_10ms,70.96,LOW,34.258,0.0,0
2026-08-21T13:12:06,PathC_10ms,70.96,VIP,34.18,0.0,1
2026-08-21T13:12:06,PathC_10ms,70.96,MEDIUM,34.161,0.0,0
2026-08-21T13:12:06,PathC_10ms,70.96,LOW,34.162,0.0,0
2026-08-21T13:12:07,PathC_10ms,70.96,VIP,34.675,0.0,1
2026-08-21T13:12:07,PathC_10ms,70.96,MEDIUM,34.625,0.0,0
2026-08-21T13:12:07,PathC_10ms,70.96,LOW,34.65,0.0,0
2026-08-21T13:12:08,PathC_10ms,71.43,VIP,34.167,0.0,1
2026-08-21T13:12:08,PathC_10ms,71.43,MEDIUM,34.144,0.0,0
2026-08-21T13:12:08,PathC_10ms,71.43,LOW,34.16,0.0,0
2026-08-21T13:12:09,PathC_10ms,71.43,VIP,34.908,0.0,1
2026-08-21T13:12:09,PathC_10ms,71.43,MEDIUM,34.761,0.0,0
2026-08-21T13:12:09,PathC_10ms,71.43,LOW,34.804,0.0,0
2026-08-21T13:12:10,PathC_10ms,71.43,VIP,34.263,0.0,1
2026-08-21T13:12:10,PathC_10ms,71.43,MEDIUM,34.225,0.0,0
2026-08-21T13:12:10,PathC_10ms,71.43,LOW,34.208,0.0,0
2026-08-21T13:12:11,PathC_10ms,62.03,VIP,34.508,0.0,1
2026-08-21T13:12:11,PathC_10ms,62.03,MEDIUM,34.285,0.0,0
2026-08-21T13:12:11,PathC_10ms,62.03,LOW,34.593,0.0,0
2026-08-21T13:12:11,PathC_10ms,62.03,VIP,34.199,0.0,1
2026-08-21T13:12:11,PathC_10ms,62.03,MEDIUM,34.211,0.0,0
2026-08-21T13:12:11,PathC_10ms,62.03,LOW,34.187,0.0,0
2026-08-21T13:12:12,PathC_10ms,62.03,VIP,34.186,0.0,1
2026-08-21T13:12:12,PathC_10ms,62.03,MEDIUM,34.192,0.0,0
2026-08-21T13:12:12,PathC_10ms,62.03,LOW,34.157,0.0,0
2026-08-21T13:12:13,PathC_10ms,62.03,VIP,35.219,0.0,1
2026-08-21T13:12:13,PathC_10ms,62.03,MEDIUM,35.268,0.0,0
2026-08-21T13:12:13,PathC_10ms,62.03,LOW,35.326,0.0,0
2026-08-21T13:12:14,PathC_10ms,64.17,VIP,34.216,0.0,1
2026-08-21T13:12:14,PathC_10ms,64.17,MEDIUM,34.209,0.0,0
2026-08-21T13:12:14,PathC_10ms,64.17,LOW,34.203,0.0,0
2026-08-21T13:12:15,PathC_10ms,64.17,VIP,34.226,0.0,1
2026-08-21T13:12:15,PathC_10ms,64.17,MEDIUM,34.276,0.0,0
2026-08-21T13:12:15,PathC_10ms,64.17,LOW,34.248,0.0,0
2026-08-21T13:12:16,PathC_10ms,64.17,VIP,34.799,0.0,1
2026-08-21T13:12:16,PathC_10ms,64.17,MEDIUM,34.688,0.0,0
2026-08-21T13:12:16,PathC_10ms,64.17,LOW,34.928,0.0,0
2026-08-21T13:12:17,PathC_10ms,64.17,VIP,36.771,0.0,1
2026-08-21T13:12:17,PathC_10ms,64.17,MEDIUM,36.801,0.0,0
2026-08-21T13:12:17,PathC_10ms,64.17,LOW,37.749,0.0,0
2026-08-21T13:12:18,PathC_10ms,78.85,VIP,35.492,0.0,1
2026-08-21T13:12:18,PathC_10ms,78.85,MEDIUM,35.912,0.0,0
2026-08-21T13:12:18,PathC_10ms,78.85,LOW,36.374,0.0,0
2026-08-21T13:12:19,PathC_10ms,79.69,VIP,34.175,0.0,1
2026-08-21T13:12:19,PathC_10ms,79.69,MEDIUM,34.215,0.0,0
2026-08-21T13:12:19,PathC_10ms,79.69,LOW,34.199,0.0,0
2026-08-21T13:12:20,PathC_10ms,79.69,VIP,34.2,0.0,1
2026-08-21T13:12:20,PathC_10ms,79.69,MEDIUM,34.181,0.0,0
2026-08-21T13:12:20,PathC_10ms,79.69,LOW,34.175,0.0,0
2026-08-21T13:12:20,PathC_10ms,79.69,VIP,34.182,0.0,1
2026-08-21T13:12:20,PathC_10ms,79.69,MEDIUM,34.183,0.0,0
2026-08-21T13:12:20,PathC_10ms,79.69,LOW,34.193,0.0,0
2026-08-21T13:12:21,PathC_10ms,79.69,VIP,34.181,0.0,1
2026-08-21T13:12:21,PathC_10ms,79.69,MEDIUM,34.197,0.0,0
2026-08-21T13:12:21,PathC_10ms,79.69,LOW,34.145,0.0,0
2026-08-21T13:12:22,PathC_10ms,79.69,VIP,36.085,0.0,1
2026-08-21T13:12:22,PathC_10ms,79.69,MEDIUM,35.181,0.0,0
2026-08-21T13:12:22,PathC_10ms,79.69,LOW,35.837,0.0,0
2026-08-21T13:12:23,PathC_10ms,58.43,VIP,35.941,0.0,1
2026-08-21T13:12:23,PathC_10ms,58.43,MEDIUM,35.953,0.0,0
2026-08-21T13:12:23,PathC_10ms,58.43,LOW,35.957,0.0,0
2026-08-21T13:12:24,PathC_10ms,56.77,VIP,34.213,0.0,1
2026-08-21T13:12:24,PathC_10ms,56.77,MEDIUM,34.2,0.0,0
2026-08-21T13:12:24,PathC_10ms,56.77,LOW,34.192,0.0,0
2026-08-21T13:12:25,PathC_10ms,56.77,VIP,34.204,0.0,1
2026-08-21T13:12:25,PathC_10ms,56.77,MEDIUM,34.22,0.0,0
2026-08-21T13:12:25,PathC_10ms,56.77,LOW,34.241,0.0,0
2026-08-21T13:12:26,PathC_10ms,56.77,VIP,35.224,0.0,1
2026-08-21T13:12:26,PathC_10ms,56.77,MEDIUM,35.186,0.0,0
2026-08-21T13:12:26,PathC_10ms,56.77,LOW,35.162,0.0,0
2026-08-21T13:12:27,PathC_10ms,56.77,VIP,34.798,0.0,1
2026-08-21T13:12:27,PathC_10ms,56.77,MEDIUM,34.832,0.0,0
2026-08-21T13:12:27,PathC_10ms,56.77,LOW,34.726,0.0,0
2026-08-21T13:12:28,PathC_10ms,73.99,VIP,34.194,0.0,1
2026-08-21T13:12:28,PathC_10ms,73.99,MEDIUM,34.218,0.0,0
2026-08-21T13:12:28,PathC_10ms,73.99,LOW,34.216,0.0,0
2026-08-21T13:12:29,PathC_10ms,73.99,VIP,34.172,0.0,1
2026-08-21T13:12:29,PathC_10ms,73.99,MEDIUM,34.197,0.0,0
2026-08-21T13:12:29,PathC_10ms,73.99,LOW,34.188,0.0,0
2026-08-21T13:12:30,PathC_10ms,73.99,VIP,34.792,0.0,1
2026-08-21T13:12:30,PathC_10ms,73.99,MEDIUM,34.944,0.0,0
2026-08-21T13:12:30,PathC_10ms,73.99,LOW,34.578,0.0,0
2026-08-21T13:12:30,PathC_10ms,73.99,VIP,34.909,0.0,1
2026-08-21T13:12:30,PathC_10ms,73.99,MEDIUM,34.937,0.0,0
2026-08-21T13:12:30,PathC_10ms,73.99,LOW,34.931,0.0,0
2026-08-21T13:12:31,PathC_10ms,73.6,VIP,34.17,0.0,1
2026-08-21T13:12:31,PathC_10ms,73.6,MEDIUM,34.214,0.0,0
2026-08-21T13:12:31,PathC_10ms,73.6,LOW,34.189,0.0,0
2026-08-21T13:12:32,PathC_10ms,73.6,VIP,34.2,0.0,1
2026-08-21T13:12:32,PathC_10ms,73.6,MEDIUM,34.221,0.0,0
2026-08-21T13:12:32,PathC_10ms,73.6,LOW,34.215,0.0,0
2026-08-21T13:12:33,PathC_10ms,63.5,VIP,34.238,0.0,1
2026-08-21T13:12:33,PathC_10ms,63.5,MEDIUM,34.184,0.0,0
2026-08-21T13:12:33,PathC_10ms,63.5,LOW,34.222,0.0,0
2026-08-21T13:12:34,PathC_10ms,63.5,VIP,35.698,0.0,1
2026-08-21T13:12:34,PathC_10ms,63.5,MEDIUM,35.76,0.0,0
2026-08-21T13:12:34,PathC_10ms,63.5,LOW,35.716,0.0,0
2026-08-21T13:12:35,PathC_10ms,63.5,VIP,34.225,0.0,1
2026-08-21T13:12:35,PathC_10ms,63.5,MEDIUM,34.232,0.0,0
2026-08-21T13:12:35,PathC_10ms,63.5,LOW,34.2,0.0,0
2026-08-21T13:12:36,PathC_10ms,62.18,VIP,35.024,0.0,1
2026-08-21T13:12:36,PathC_10ms,62.18,MEDIUM,35.677,0.0,0
2026-08-21T13:12:36,PathC_10ms,62.18,LOW,35.743,0.0,0
2026-08-21T13:12:37,PathC_10ms,62.18,VIP,34.124,0.0,1
2026-08-21T13:12:37,PathC_10ms,62.18,MEDIUM,34.128,0.0,0
2026-08-21T13:12:37,PathC_10ms,62.18,LOW,34.142,0.0,0
2026-08-21T13:12:38,PathC_10ms,63.17,VIP,34.26,0.0,1
2026-08-21T13:12:38,PathC_10ms,63.17,MEDIUM,34.19,0.0,0
2026-08-21T13:12:38,PathC_10ms,63.17,LOW,34.263,0.0,0
2026-08-21T13:12:39,PathC_10ms,63.17,VIP,34.2,0.0,1
2026-08-21T13:12:39,PathC_10ms,63.17,MEDIUM,34.177,0.0,0
2026-08-21T13:12:39,PathC_10ms,63.17,LOW,34.203,0.0,0
2026-08-21T13:12:39,PathC_10ms,63.17,VIP,34.158,0.0,1
2026-08-21T13:12:39,PathC_10ms,63.17,MEDIUM,34.148,0.0,0
2026-08-21T13:12:39,PathC_10ms,63.17,LOW,34.14,0.0,0
2026-08-21T13:12:40,PathC_10ms,63.17,VIP,34.205,0.0,1
2026-08-21T13:12:40,PathC_10ms,63.17,MEDIUM,34.212,0.0,0
2026-08-21T13:12:40,PathC_10ms,63.17,LOW,34.181,0.0,0
2026-08-21T13:12:41,PathC_10ms,63.17,VIP,35.618,0.0,1
2026-08-21T13:12:41,PathC_10ms,63.17,MEDIUM,35.606,0.0,0
2026-08-21T13:12:41,PathC_10ms,63.17,LOW,36.205,0.0,0
2026-08-21T13:12:42,PathC_10ms,64.27,VIP,34.191,0.0,1
2026-08-21T13:12:42,PathC_10ms,64.27,MEDIUM,34.23,0.0,0
2026-08-21T13:12:42,PathC_10ms,64.27,LOW,34.276,0.0,0
2026-08-21T13:12:43,PathC_10ms,66.16,VIP,34.24,0.0,1
2026-08-21T13:12:43,PathC_10ms,66.16,MEDIUM,34.249,0.0,0
2026-08-21T13:12:43,PathC_10ms,66.16,LOW,34.151,0.0,0
2026-08-21T13:12:44,PathC_10ms,66.16,VIP,34.137,0.0,1
2026-08-21T13:12:44,PathC_10ms,66.16,MEDIUM,34.139,0.0,0
2026-08-21T13:12:44,PathC_10ms,66.16,LOW,34.168,0.0,0
2026-08-21T13:12:45,PathC_10ms,66.16,VIP,34.262,0.0,1
2026-08-21T13:12:45,PathC_10ms,66.16,MEDIUM,34.271,0.0,0
2026-08-21T13:12:45,PathC_10ms,66.16,LOW,34.26,0.0,0
2026-08-21T13:12:46,PathC_10ms,68.89,VIP,34.165,0.0,1
2026-08-21T13:12:46,PathC_10ms,68.89,MEDIUM,34.201,0.0,0
2026-08-21T13:12:46,PathC_10ms,68.89,LOW,34.198,0.0,0
2026-08-21T13:12:47,PathC_10ms,68.89,VIP,34.195,0.0,1
2026-08-21T13:12:47,PathC_10ms,68.89,MEDIUM,34.196,0.0,0
2026-08-21T13:12:47,PathC_10ms,68.89,LOW,34.179,0.0,0
2026-08-21T13:12:48,PathC_10ms,68.89,VIP,34.202,0.0,1
2026-08-21T13:12:48,PathC_10ms,68.89,MEDIUM,34.191,0.0,0
2026-08-21T13:12:48,PathC_10ms,68.89,LOW,34.205,0.0,0
2026-08-21T13:12:49,PathC_10ms,68.89,VIP,34.166,0.0,1
2026-08-21T13:12:49,PathC_10ms,68.89,MEDIUM,34.177,0.0,0
2026-08-21T13:12:49,PathC_10ms,68.89,LOW,34.182,0.0,0
2026-08-21T13:12:49,PathC_10ms,68.89,VIP,34.622,0.0,1
2026-08-21T13:12:49,PathC_10ms,68.89,MEDIUM,34.562,0.0,0
2026-08-21T13:12:49,PathC_10ms,68.89,LOW,34.58,0.0,0
2026-08-21T13:12:50,PathC_10ms,67.23,VIP,34.615,0.0,1
2026-08-21T13:12:50,PathC_10ms,67.23,MEDIUM,34.631,0.0,0
2026-08-21T13:12:50,PathC_10ms,67.23,LOW,34.554,0.0,0
2026-08-21T13:12:51,PathC_10ms,67.23,VIP,34.659,0.0,1
2026-08-21T13:12:51,PathC_10ms,67.23,MEDIUM,34.485,0.0,0
2026-08-21T13:12:51,PathC_10ms,67.23,LOW,34.652,0.0,0
2026-08-21T13:12:52,PathC_10ms,67.25,VIP,34.24,0.0,1
2026-08-21T13:12:52,PathC_10ms,67.25,MEDIUM,34.269,0.0,0
2026-08-21T13:12:52,PathC_10ms,67.25,LOW,34.266,0.0,0
2026-08-21T13:12:53,PathC_10ms,67.25,VIP,34.176,0.0,1
2026-08-21T13:12:53,PathC_10ms,67.25,MEDIUM,34.219,0.0,0
2026-08-21T13:12:53,PathC_10ms,67.25,LOW,34.172,0.0,0
2026-08-21T13:12:54,PathC_10ms,67.25,VIP,34.922,0.0,1
2026-08-21T13:12:54,PathC_10ms,67.25,MEDIUM,34.908,0.0,0
2026-08-21T13:12:54,PathC_10ms,67.25,LOW,34.848,0.0,0
2026-08-21T13:12:55,PathC_10ms,67.25,VIP,34.254,0.0,1
2026-08-21T13:12:55,PathC_10ms,67.25,MEDIUM,34.256,0.0,0
2026-08-21T13:12:55,PathC_10ms,67.25,LOW,34.217,0.0,0
2026-08-21T13:12:56,PathC_10ms,65.26,VIP,34.24,0.0,1
2026-08-21T13:12:56,PathC_10ms,65.26,MEDIUM,34.249,0.0,0
2026-08-21T13:12:56,PathC_10ms,65.26,LOW,34.198,0.0,0
2026-08-21T13:12:57,PathC_10ms,65.26,VIP,34.143,0.0,1
2026-08-21T13:12:57,PathC_10ms,65.26,MEDIUM,34.158,0.0,0
2026-08-21T13:12:57,PathC_10ms,65.26,LOW,34.135,0.0,0
2026-08-21T13:12:58,PathC_10ms,63.6,VIP,34.302,0.0,1
2026-08-21T13:12:58,PathC_10ms,63.6,MEDIUM,34.292,0.0,0
2026-08-21T13:12:58,PathC_10ms,63.6,LOW,34.223,0.0,0
2026-08-21T13:12:58,PathC_10ms,63.6,VIP,34.163,0.0,1
2026-08-21T13:12:58,PathC_10ms,63.6,MEDIUM,34.177,0.0,0
2026-08-21T13:12:58,PathC_10ms,63.6,LOW,34.152,0.0,0
2026-08-21T13:12:59,PathC_10ms,58.83,VIP,34.161,0.0,1
2026-08-21T13:12:59,PathC_10ms,58.83,MEDIUM,34.154,0.0,0
2026-08-21T13:12:59,PathC_10ms,58.83,LOW,34.212,0.0,0
2026-08-21T13:13:00,PathC_10ms,58.83,VIP,34.144,0.0,1
2026-08-21T13:13:00,PathC_10ms,58.83,MEDIUM,34.189,0.0,0
2026-08-21T13:13:00,PathC_10ms,58.83,LOW,34.178,0.0,0
2026-08-21T13:13:01,PathC_10ms,58.83,VIP,34.166,0.0,1
2026-08-21T13:13:01,PathC_10ms,58.83,MEDIUM,34.191,0.0,0
2026-08-21T13:13:01,PathC_10ms,58.83,LOW,34.157,0.0,0
2026-08-21T13:13:02,PathC_10ms,58.83,VIP,34.373,0.0,1
2026-08-21T13:13:02,PathC_10ms,58.83,MEDIUM,34.382,0.0,0
2026-08-21T13:13:02,PathC_10ms,58.83,LOW,34.39,0.0,0
2026-08-21T13:13:03,PathC_10ms,58.83,VIP,34.123,0.0,1
2026-08-21T13:13:03,PathC_10ms,58.83,MEDIUM,34.135,0.0,0
2026-08-21T13:13:03,PathC_10ms,58.83,LOW,34.124,0.0,0
2026-08-21T13:13:04,PathC_10ms,56.69,VIP,34.169,0.0,1
2026-08-21T13:13:04,PathC_10ms,56.69,MEDIUM,34.174,0.0,0
2026-08-21T13:13:04,PathC_10ms,56.69,LOW,34.163,0.0,0
2026-08-21T13:13:05,PathC_10ms,56.69,VIP,34.181,0.0,1
2026-08-21T13:13:05,PathC_10ms,56.69,MEDIUM,34.198,0.0,0
2026-08-21T13:13:05,PathC_10ms,56.69,LOW,34.197,0.0,0
2026-08-21T13:13:06,PathC_10ms,56.69,VIP,34.211,0.0,1
2026-08-21T13:13:06,PathC_10ms,56.69,MEDIUM,34.241,0.0,0
2026-08-21T13:13:06,PathC_10ms,56.69,LOW,34.432,0.0,0
2026-08-21T13:13:07,PathC_10ms,56.69,VIP,34.207,0.0,1
2026-08-21T13:13:07,PathC_10ms,56.69,MEDIUM,34.244,0.0,0
2026-08-21T13:13:07,PathC_10ms,56.69,LOW,34.955,0.0,0
2026-08-21T13:13:08,PathC_10ms,63.35,VIP,35.366,0.0,1
2026-08-21T13:13:08,PathC_10ms,63.35,MEDIUM,35.328,0.0,0
2026-08-21T13:13:08,PathC_10ms,63.35,LOW,35.344,0.0,0
2026-08-21T13:13:08,PathC_10ms,63.35,VIP,34.223,0.0,1
2026-08-21T13:13:08,PathC_10ms,63.35,MEDIUM,34.149,0.0,0
2026-08-21T13:13:08,PathC_10ms,63.35,LOW,34.225,0.0,0
2026-08-21T13:13:09,PathC_10ms,67.36,VIP,34.174,0.0,1
2026-08-21T13:13:09,PathC_10ms,67.36,MEDIUM,34.182,0.0,0
2026-08-21T13:13:09,PathC_10ms,67.36,LOW,34.214,0.0,0
2026-08-21T13:13:10,PathC_10ms,67.36,VIP,34.163,0.0,1
2026-08-21T13:13:10,PathC_10ms,67.36,MEDIUM,34.224,0.0,0
2026-08-21T13:13:10,PathC_10ms,67.36,LOW,34.17,0.0,0
2026-08-21T13:13:11,PathC_10ms,67.36,VIP,34.315,0.0,1
2026-08-21T13:13:11,PathC_10ms,67.36,MEDIUM,34.297,0.0,0
2026-08-21T13:13:11,PathC_10ms,67.36,LOW,34.289,0.0,0
2026-08-21T13:13:12,PathC_10ms,67.36,VIP,34.161,0.0,1
2026-08-21T13:13:12,PathC_10ms,67.36,MEDIUM,34.156,0.0,0
2026-08-21T13:13:12,PathC_10ms,67.36,LOW,34.137,0.0,0
2026-08-21T13:13:13,PathC_10ms,67.36,VIP,34.367,0.0,1
2026-08-21T13:13:13,PathC_10ms,67.36,MEDIUM,34.306,0.0,0
2026-08-21T13:13:13,PathC_10ms,67.36,LOW,34.367,0.0,0
2026-08-21T13:13:14,PathC_10ms,67.36,VIP,35.309,0.0,1
2026-08-21T13:13:14,PathC_10ms,67.36,MEDIUM,35.764,0.0,0
2026-08-21T13:13:14,PathC_10ms,67.36,LOW,35.582,0.0,0
2026-08-21T13:13:15,PathC_10ms,60.95,VIP,34.201,0.0,1
2026-08-21T13:13:15,PathC_10ms,60.95,MEDIUM,34.169,0.0,0
2026-08-21T13:13:15,PathC_10ms,60.95,LOW,34.202,0.0,0
2026-08-21T13:13:16,PathC_10ms,58.14,VIP,34.521,0.0,1
2026-08-21T13:13:16,PathC_10ms,58.14,MEDIUM,34.483,0.0,0
2026-08-21T13:13:16,PathC_10ms,58.14,LOW,34.52,0.0,0
2026-08-21T13:13:17,PathC_10ms,58.14,VIP,34.207,0.0,1
2026-08-21T13:13:17,PathC_10ms,58.14,MEDIUM,34.195,0.0,0
2026-08-21T13:13:17,PathC_10ms,58.14,LOW,34.217,0.0,0
2026-08-21T13:13:17,PathC_10ms,58.14,VIP,34.202,0.0,1
2026-08-21T13:13:17,PathC_10ms,58.14,MEDIUM,34.206,0.0,0
2026-08-21T13:13:17,PathC_10ms,58.14,LOW,34.22,0.0,0
2026-08-21T13:13:18,PathC_10ms,74.86,VIP,34.189,0.0,1
2026-08-21T13:13:18,PathC_10ms,74.86,MEDIUM,34.187,0.0,0
2026-08-21T13:13:18,PathC_10ms,74.86,LOW,34.204,0.0,0
2026-08-21T13:13:19,PathC_10ms,74.86,VIP,34.219,0.0,1
2026-08-21T13:13:19,PathC_10ms,74.86,MEDIUM,34.204,0.0,0
2026-08-21T13:13:19,PathC_10ms,74.86,LOW,34.213,0.0,0
2026-08-21T13:13:20,PathC_10ms,74.86,VIP,34.162,0.0,1
2026-08-21T13:13:20,PathC_10ms,74.86,MEDIUM,34.219,0.0,0
2026-08-21T13:13:20,PathC_10ms,74.86,LOW,34.192,0.0,0
2026-08-21T13:13:21,PathC_10ms,74.86,VIP,34.192,0.0,1
2026-08-21T13:13:21,PathC_10ms,74.86,MEDIUM,34.212,0.0,0
2026-08-21T13:13:21,PathC_10ms,74.86,LOW,34.176,0.0,0
2026-08-21T13:13:22,PathC_10ms,74.86,VIP,36.196,0.0,1
2026-08-21T13:13:22,PathC_10ms,74.86,MEDIUM,36.267,0.0,0
2026-08-21T13:13:22,PathC_10ms,74.86,LOW,35.202,0.0,0
2026-08-21T13:13:23,PathC_10ms,74.86,VIP,35.976,0.0,1
2026-08-21T13:13:23,PathC_10ms,74.86,MEDIUM,36.516,0.0,0
2026-08-21T13:13:23,PathC_10ms,74.86,LOW,35.842,0.0,0
2026-08-21T13:13:24,PathC_10ms,68.88,VIP,35.252,0.0,1
2026-08-21T13:13:24,PathC_10ms,68.88,MEDIUM,35.571,0.0,0
2026-08-21T13:13:24,PathC_10ms,68.88,LOW,35.519,0.0,0
2026-08-21T13:13:25,PathC_10ms,68.88,VIP,34.141,0.0,1
2026-08-21T13:13:25,PathC_10ms,68.88,MEDIUM,34.148,0.0,0
2026-08-21T13:13:25,PathC_10ms,68.88,LOW,34.146,0.0,0
2026-08-21T13:13:26,PathC_10ms,68.88,VIP,34.148,0.0,1
2026-08-21T13:13:26,PathC_10ms,68.88,MEDIUM,34.162,0.0,0
2026-08-21T13:13:26,PathC_10ms,68.88,LOW,34.139,0.0,0
2026-08-21T13:13:27,PathC_10ms,68.88,VIP,34.457,0.0,1
2026-08-21T13:13:27,PathC_10ms,68.88,MEDIUM,34.44,0.0,0
2026-08-21T13:13:27,PathC_10ms,68.88,LOW,34.171,0.0,0
2026-08-21T13:13:27,PathC_10ms,68.88,VIP,36.284,0.0,1
2026-08-21T13:13:27,PathC_10ms,68.88,MEDIUM,36.909,0.0,0
2026-08-21T13:13:27,PathC_10ms,68.88,LOW,36.245,0.0,0
2026-08-21T13:13:28,PathC_10ms,72.93,VIP,35.027,0.0,1
2026-08-21T13:13:28,PathC_10ms,72.93,MEDIUM,35.043,0.0,0
2026-08-21T13:13:28,PathC_10ms,72.93,LOW,34.843,0.0,0
2026-08-21T13:13:29,PathC_10ms,72.93,VIP,34.166,0.0,1
2026-08-21T13:13:29,PathC_10ms,72.93,MEDIUM,34.166,0.0,0
2026-08-21T13:13:29,PathC_10ms,72.93,LOW,34.162,0.0,0
2026-08-21T13:13:30,PathC_10ms,61.68,VIP,34.23,0.0,1
2026-08-21T13:13:30,PathC_10ms,61.68,MEDIUM,34.193,0.0,0
2026-08-21T13:13:30,PathC_10ms,61.68,LOW,34.214,0.0,0
2026-08-21T13:13:31,PathC_10ms,61.68,VIP,34.9,0.0,1
2026-08-21T13:13:31,PathC_10ms,61.68,MEDIUM,34.872,0.0,0
2026-08-21T13:13:31,PathC_10ms,61.68,LOW,34.838,0.0,0
2026-08-21T13:13:32,PathC_10ms,61.68,VIP,34.189,0.0,1
2026-08-21T13:13:32,PathC_10ms,61.68,MEDIUM,34.191,0.0,0
2026-08-21T13:13:32,PathC_10ms,61.68,LOW,34.183,0.0,0
2026-08-21T13:13:33,PathC_10ms,61.68,VIP,34.132,0.0,1
2026-08-21T13:13:33,PathC_10ms,61.68,MEDIUM,34.128,0.0,0
2026-08-21T13:13:33,PathC_10ms,61.68,LOW,34.176,0.0,0
2026-08-21T13:13:34,PathC_10ms,61.68,VIP,35.319,0.0,1
2026-08-21T13:13:34,PathC_10ms,61.68,MEDIUM,35.396,0.0,0
2026-08-21T13:13:34,PathC_10ms,61.68,LOW,35.307,0.0,0
2026-08-21T13:13:35,PathC_10ms,75.8,VIP,35.505,0.0,1
2026-08-21T13:13:35,PathC_10ms,75.8,MEDIUM,35.353,0.0,0
2026-08-21T13:13:35,PathC_10ms,75.8,LOW,35.502,0.0,0
2026-08-21T13:13:36,PathC_10ms,72.34,VIP,34.161,0.0,1
2026-08-21T13:13:36,PathC_10ms,72.34,MEDIUM,34.168,0.0,0
2026-08-21T13:13:36,PathC_10ms,72.34,LOW,34.165,0.0,0
2026-08-21T13:13:36,PathC_10ms,72.34,VIP,34.227,0.0,1
2026-08-21T13:13:36,PathC_10ms,72.34,MEDIUM,34.201,0.0,0
2026-08-21T13:13:36,PathC_10ms,72.34,LOW,34.215,0.0,0
2026-08-21T13:13:37,PathC_10ms,72.34,VIP,34.187,0.0,1
2026-08-21T13:13:37,PathC_10ms,72.34,MEDIUM,34.179,0.0,0
2026-08-21T13:13:37,PathC_10ms,72.34,LOW,34.169,0.0,0
2026-08-21T13:13:38,PathC_10ms,72.34,VIP,34.55,0.0,1
2026-08-21T13:13:38,PathC_10ms,72.34,MEDIUM,34.323,0.0,0
2026-08-21T13:13:38,PathC_10ms,72.34,LOW,34.368,0.0,0
2026-08-21T13:13:39,PathC_10ms,72.34,VIP,34.602,0.0,1
2026-08-21T13:13:39,PathC_10ms,72.34,MEDIUM,35.091,0.0,0
2026-08-21T13:13:39,PathC_10ms,72.34,LOW,34.343,0.0,0
2026-08-21T13:13:40,PathC_10ms,64.24,VIP,36.388,0.0,1
2026-08-21T13:13:40,PathC_10ms,64.24,MEDIUM,36.855,0.0,0
2026-08-21T13:13:40,PathC_10ms,64.24,LOW,37.09,0.0,0
2026-08-21T13:13:41,PathC_10ms,64.24,VIP,34.171,0.0,1
2026-08-21T13:13:41,PathC_10ms,64.24,MEDIUM,34.161,0.0,0
2026-08-21T13:13:41,PathC_10ms,64.24,LOW,34.172,0.0,0
2026-08-21T13:13:42,PathC_10ms,67.62,VIP,34.223,0.0,1
2026-08-21T13:13:42,PathC_10ms,67.62,MEDIUM,34.166,0.0,0
2026-08-21T13:13:42,PathC_10ms,67.62,LOW,34.214,0.0,0
2026-08-21T13:13:43,PathC_10ms,67.62,VIP,34.19,0.0,1
2026-08-21T13:13:43,PathC_10ms,67.62,MEDIUM,34.178,0.0,0
2026-08-21T13:13:43,PathC_10ms,67.62,LOW,34.196,0.0,0
2026-08-21T13:13:44,PathC_10ms,67.62,VIP,34.636,0.0,1
2026-08-21T13:13:44,PathC_10ms,67.62,MEDIUM,34.647,0.0,0
2026-08-21T13:13:44,PathC_10ms,67.62,LOW,34.696,0.0,0
2026-08-21T13:13:45,PathC_10ms,67.62,VIP,34.214,0.0,1
2026-08-21T13:13:45,PathC_10ms,67.62,MEDIUM,34.201,0.0,0
2026-08-21T13:13:45,PathC_10ms,67.62,LOW,34.206,0.0,0
2026-08-21T13:13:46,PathC_10ms,67.62,VIP,34.196,0.0,1
2026-08-21T13:13:46,PathC_10ms,67.62,MEDIUM,34.211,0.0,0
2026-08-21T13:13:46,PathC_10ms,67.62,LOW,34.195,0.0,0
2026-08-21T13:13:46,PathC_10ms,67.62,VIP,34.734,0.0,1
2026-08-21T13:13:46,PathC_10ms,67.62,MEDIUM,34.788,0.0,0
2026-08-21T13:13:46,PathC_10ms,67.62,LOW,34.655,0.0,0
2026-08-21T13:13:47,PathC_10ms,67.62,VIP,34.874,0.0,1
2026-08-21T13:13:47,PathC_10ms,67.62,MEDIUM,35.505,0.0,0
2026-08-21T13:13:47,PathC_10ms,67.62,LOW,35.0,0.0,0
2026-08-21T13:13:48,PathC_10ms,73.36,VIP,35.077,0.0,1
2026-08-21T13:13:48,PathC_10ms,73.36,MEDIUM,35.403,0.0,0
2026-08-21T13:13:48,PathC_10ms,73.36,LOW,35.223,0.0,0
2026-08-21T13:13:49,PathC_10ms,70.95,VIP,34.206,0.0,1
2026-08-21T13:13:49,PathC_10ms,70.95,MEDIUM,34.201,0.0,0
2026-08-21T13:13:49,PathC_10ms,70.95,LOW,34.208,0.0,0
2026-08-21T13:13:50,PathC_10ms,70.95,VIP,34.176,0.0,1
2026-08-21T13:13:50,PathC_10ms,70.95,MEDIUM,34.211,0.0,0
2026-08-21T13:13:50,PathC_10ms,70.95,LOW,34.191,0.0,0
2026-08-21T13:13:51,PathC_10ms,70.95,VIP,34.211,0.0,1
2026-08-21T13:13:51,PathC_10ms,70.95,MEDIUM,34.201,0.0,0
2026-08-21T13:13:51,PathC_10ms,70.95,LOW,34.209,0.0,0
2026-08-21T13:13:52,PathC_10ms,70.95,VIP,34.319,0.0,1
2026-08-21T13:13:52,PathC_10ms,70.95,MEDIUM,34.293,0.0,0
2026-08-21T13:13:52,PathC_10ms,70.95,LOW,34.278,0.0,0
2026-08-21T13:13:53,PathC_10ms,70.95,VIP,34.776,0.0,1
2026-08-21T13:13:53,PathC_10ms,70.95,MEDIUM,34.895,0.0,0
2026-08-21T13:13:53,PathC_10ms,70.95,LOW,35.051,0.0,0
2026-08-21T13:13:54,PathC_10ms,70.67,VIP,36.018,0.0,1
2026-08-21T13:13:54,PathC_10ms,70.67,MEDIUM,36.023,0.0,0
2026-08-21T13:13:54,PathC_10ms,70.67,LOW,36.048,0.0,0
2026-08-21T13:13:55,PathC_10ms,73.37,VIP,34.216,0.0,1
2026-08-21T13:13:55,PathC_10ms,73.37,MEDIUM,34.191,0.0,0
2026-08-21T13:13:55,PathC_10ms,73.37,LOW,34.194,0.0,0
2026-08-21T13:13:55,PathC_10ms,73.37,VIP,34.186,0.0,1
2026-08-21T13:13:55,PathC_10ms,73.37,MEDIUM,34.164,0.0,0
2026-08-21T13:13:55,PathC_10ms,73.37,LOW,34.211,0.0,0
2026-08-21T13:13:56,PathC_10ms,73.37,VIP,34.457,0.0,1
2026-08-21T13:13:56,PathC_10ms,73.37,MEDIUM,34.379,0.0,0
2026-08-21T13:13:56,PathC_10ms,73.37,LOW,34.504,0.0,0
2026-08-21T13:13:57,PathC_10ms,73.37,VIP,34.871,0.0,1
2026-08-21T13:13:57,PathC_10ms,73.37,MEDIUM,34.899,0.0,0
2026-08-21T13:13:57,PathC_10ms,73.37,LOW,34.88,0.0,0
2026-08-21T13:13:58,PathC_10ms,73.47,VIP,35.11,0.0,1
2026-08-21T13:13:58,PathC_10ms,73.47,MEDIUM,35.061,0.0,0
2026-08-21T13:13:58,PathC_10ms,73.47,LOW,35.116,0.0,0
2026-08-21T13:13:59,PathC_10ms,73.47,VIP,34.182,0.0,1
2026-08-21T13:13:59,PathC_10ms,73.47,MEDIUM,34.205,0.0,0
2026-08-21T13:13:59,PathC_10ms,73.47,LOW,34.167,0.0,0
2026-08-21T13:14:00,PathC_10ms,73.47,VIP,34.202,0.0,1
2026-08-21T13:14:00,PathC_10ms,73.47,MEDIUM,34.194,0.0,0
2026-08-21T13:14:00,PathC_10ms,73.47,LOW,34.176,0.0,0
2026-08-21T13:14:01,PathC_10ms,72.35,VIP,35.149,0.0,1
2026-08-21T13:14:01,PathC_10ms,72.35,MEDIUM,35.175,0.0,0
2026-08-21T13:14:01,PathC_10ms,72.35,LOW,35.537,0.0,0
2026-08-21T13:14:02,PathC_10ms,72.35,VIP,34.13,0.0,1
2026-08-21T13:14:02,PathC_10ms,72.35,MEDIUM,34.132,0.0,0
2026-08-21T13:14:02,PathC_10ms,72.35,LOW,34.133,0.0,0
2026-08-21T13:14:03,PathC_10ms,70.11,VIP,34.168,0.0,1
2026-08-21T13:14:03,PathC_10ms,70.11,MEDIUM,34.171,0.0,0
2026-08-21T13:14:03,PathC_10ms,70.11,LOW,34.245,0.0,0
2026-08-21T13:14:04,PathC_10ms,70.11,VIP,34.181,0.0,1
2026-08-21T13:14:04,PathC_10ms,70.11,MEDIUM,34.162,0.0,0
2026-08-21T13:14:04,PathC_10ms,70.11,LOW,34.199,0.0,0
2026-08-21T13:14:04,PathC_10ms,70.11,VIP,34.198,0.0,1
2026-08-21T13:14:04,PathC_10ms,70.11,MEDIUM,34.269,0.0,0
2026-08-21T13:14:04,PathC_10ms,70.11,LOW,34.272,0.0,0
2026-08-21T13:14:05,PathC_10ms,63.54,VIP,34.231,0.0,1
2026-08-21T13:14:05,PathC_10ms,63.54,MEDIUM,34.178,0.0,0
2026-08-21T13:14:05,PathC_10ms,63.54,LOW,34.251,0.0,0
2026-08-21T13:14:06,PathC_10ms,63.54,VIP,34.205,0.0,1
2026-08-21T13:14:06,PathC_10ms,63.54,MEDIUM,34.163,0.0,0
2026-08-21T13:14:06,PathC_10ms,63.54,LOW,34.166,0.0,0
2026-08-21T13:14:07,PathC_10ms,63.54,VIP,34.184,0.0,1
2026-08-21T13:14:07,PathC_10ms,63.54,MEDIUM,34.172,0.0,0
2026-08-21T13:14:07,PathC_10ms,63.54,LOW,34.19,0.0,0
2026-08-21T13:14:08,PathC_10ms,63.54,VIP,34.134,0.0,1
2026-08-21T13:14:08,PathC_10ms,63.54,MEDIUM,34.132,0.0,0
2026-08-21T13:14:08,PathC_10ms,63.54,LOW,34.119,0.0,0
2026-08-21T13:14:09,PathC_10ms,63.54,VIP,34.149,0.0,1
2026-08-21T13:14:09,PathC_10ms,63.54,MEDIUM,34.14,0.0,0
2026-08-21T13:14:09,PathC_10ms,63.54,LOW,34.151,0.0,0
2026-08-21T13:14:10,PathC_10ms,74.06,VIP,34.173,0.0,1
2026-08-21T13:14:10,PathC_10ms,74.06,MEDIUM,34.174,0.0,0
2026-08-21T13:14:10,PathC_10ms,74.06,LOW,34.182,0.0,0
2026-08-21T13:14:11,PathC_10ms,74.06,VIP,35.277,0.0,1
2026-08-21T13:14:11,PathC_10ms,74.06,MEDIUM,35.335,0.0,0
2026-08-21T13:14:11,PathC_10ms,74.06,LOW,35.264,0.0,0
2026-08-21T13:14:12,PathC_10ms,74.06,VIP,35.416,0.0,1
2026-08-21T13:14:12,PathC_10ms,74.06,MEDIUM,35.538,0.0,0
2026-08-21T13:14:12,PathC_10ms,74.06,LOW,35.524,0.0,0
2026-08-21T13:14:13,PathC_10ms,79.98,VIP,34.756,0.0,1
2026-08-21T13:14:13,PathC_10ms,79.98,MEDIUM,35.283,0.0,0
2026-08-21T13:14:13,PathC_10ms,79.98,LOW,34.644,0.0,0
2026-08-21T13:14:14,PathC_10ms,80.77,VIP,34.139,0.0,1
2026-08-21T13:14:14,PathC_10ms,80.77,MEDIUM,34.164,0.0,0
2026-08-21T13:14:14,PathC_10ms,80.77,LOW,34.165,0.0,0
2026-08-21T13:14:14,PathC_10ms,80.77,VIP,34.202,0.0,1
2026-08-21T13:14:14,PathC_10ms,80.77,MEDIUM,34.209,0.0,0
2026-08-21T13:14:14,PathC_10ms,80.77,LOW,34.217,0.0,0
2026-08-21T13:14:15,PathC_10ms,80.77,VIP,34.18,0.0,1
2026-08-21T13:14:15,PathC_10ms,80.77,MEDIUM,34.214,0.0,0
2026-08-21T13:14:15,PathC_10ms,80.77,LOW,34.18,0.0,0
2026-08-21T13:14:16,PathC_10ms,80.77,VIP,34.13,0.0,1
2026-08-21T13:14:16,PathC_10ms,80.77,MEDIUM,34.122,0.0,0
2026-08-21T13:14:16,PathC_10ms,80.77,LOW,34.157,0.0,0
2026-08-21T13:14:17,PathC_10ms,80.77,VIP,34.157,0.0,1
2026-08-21T13:14:17,PathC_10ms,80.77,MEDIUM,34.144,0.0,0
2026-08-21T13:14:17,PathC_10ms,80.77,LOW,34.142,0.0,0
2026-08-21T13:14:18,PathC_10ms,71.65,VIP,34.21,0.0,1
2026-08-21T13:14:18,PathC_10ms,71.65,MEDIUM,34.211,0.0,0
2026-08-21T13:14:18,PathC_10ms,71.65,LOW,34.214,0.0,0
2026-08-21T13:14:19,PathC_10ms,71.65,VIP,34.147,0.0,1
2026-08-21T13:14:19,PathC_10ms,71.65,MEDIUM,34.161,0.0,0
2026-08-21T13:14:19,PathC_10ms,71.65,LOW,34.171,0.0,0
2026-08-21T13:14:20,PathC_10ms,71.65,VIP,34.132,0.0,1
2026-08-21T13:14:20,PathC_10ms,71.65,MEDIUM,34.169,0.0,0
2026-08-21T13:14:20,PathC_10ms,71.65,LOW,34.135,0.0,0
2026-08-21T13:14:21,PathC_10ms,74.28,VIP,34.276,0.0,1
2026-08-21T13:14:21,PathC_10ms,74.28,MEDIUM,34.245,0.0,0
2026-08-21T13:14:21,PathC_10ms,74.28,LOW,34.301,0.0,0
2026-08-21T13:14:22,PathC_10ms,74.28,VIP,34.17,0.0,1
2026-08-21T13:14:22,PathC_10ms,74.28,MEDIUM,34.154,0.0,0
2026-08-21T13:14:22,PathC_10ms,74.28,LOW,34.171,0.0,0
2026-08-21T13:14:23,PathC_10ms,74.28,VIP,34.173,0.0,1
2026-08-21T13:14:23,PathC_10ms,74.28,MEDIUM,34.159,0.0,0
2026-08-21T13:14:23,PathC_10ms,74.28,LOW,34.158,0.0,0
2026-08-21T13:14:23,PathC_10ms,84.96,VIP,34.179,0.0,1
2026-08-21T13:14:23,PathC_10ms,84.96,MEDIUM,34.191,0.0,0
2026-08-21T13:14:23,PathC_10ms,84.96,LOW,34.203,0.0,0
2026-08-21T13:14:24,PathC_10ms,84.96,VIP,34.734,0.0,1
2026-08-21T13:14:24,PathC_10ms,84.96,MEDIUM,34.44,0.0,0
2026-08-21T13:14:24,PathC_10ms,84.96,LOW,34.742,0.0,0
2026-08-21T13:14:25,PathC_10ms,84.96,VIP,34.803,0.0,1
2026-08-21T13:14:25,PathC_10ms,84.96,MEDIUM,34.936,0.0,0
2026-08-21T13:14:25,PathC_10ms,84.96,LOW,34.973,0.0,0
2026-08-21T13:14:26,PathC_10ms,83.42,VIP,34.175,0.0,1
2026-08-21T13:14:26,PathC_10ms,83.42,MEDIUM,34.197,0.0,0
2026-08-21T13:14:26,PathC_10ms,83.42,LOW,34.163,0.0,0
2026-08-21T13:14:27,PathC_10ms,83.42,VIP,34.177,0.0,1
2026-08-21T13:14:27,PathC_10ms,83.42,MEDIUM,34.182,0.0,0
2026-08-21T13:14:27,PathC_10ms,83.42,LOW,34.17,0.0,0
2026-08-21T13:14:28,PathC_10ms,83.42,VIP,34.306,0.0,1
2026-08-21T13:14:28,PathC_10ms,83.42,MEDIUM,34.355,0.0,0
2026-08-21T13:14:28,PathC_10ms,83.42,LOW,34.323,0.0,0
2026-08-21T13:14:29,PathC_10ms,83.42,VIP,34.444,0.0,1
2026-08-21T13:14:29,PathC_10ms,83.42,MEDIUM,34.513,0.0,0
2026-08-21T13:14:29,PathC_10ms,83.42,LOW,34.432,0.0,0
2026-08-21T13:14:30,PathC_10ms,83.42,VIP,34.203,0.0,1
2026-08-21T13:14:30,PathC_10ms,83.42,MEDIUM,34.191,0.0,0
2026-08-21T13:14:30,PathC_10ms,83.42,LOW,34.204,0.0,0
2026-08-21T13:14:31,PathC_10ms,72.64,VIP,34.77,0.0,1
2026-08-21T13:14:31,PathC_10ms,72.64,MEDIUM,34.817,0.0,0
2026-08-21T13:14:31,PathC_10ms,72.64,LOW,34.838,0.0,0
2026-08-21T13:14:32,PathC_10ms,72.64,VIP,34.171,0.0,1
2026-08-21T13:14:32,PathC_10ms,72.64,MEDIUM,34.233,0.0,0
2026-08-21T13:14:32,PathC_10ms,72.64,LOW,34.283,0.0,0
2026-08-21T13:14:33,PathC_10ms,72.64,VIP,34.146,0.0,1
2026-08-21T13:14:33,PathC_10ms,72.64,MEDIUM,34.121,0.0,0
2026-08-21T13:14:33,PathC_10ms,72.64,LOW,34.132,0.0,0
2026-08-21T13:14:33,PathC_10ms,70.48,VIP,34.176,0.0,1
2026-08-21T13:14:33,PathC_10ms,70.48,MEDIUM,34.159,0.0,0
2026-08-21T13:14:33,PathC_10ms,70.48,LOW,34.195,0.0,0
2026-08-21T13:14:34,PathC_10ms,70.48,VIP,34.198,0.0,1
2026-08-21T13:14:34,PathC_10ms,70.48,MEDIUM,34.177,0.0,0
2026-08-21T13:14:34,PathC_10ms,70.48,LOW,34.161,0.0,0
2026-08-21T13:14:35,PathC_10ms,70.48,VIP,34.397,0.0,1
2026-08-21T13:14:35,PathC_10ms,70.48,MEDIUM,34.176,0.0,0
2026-08-21T13:14:35,PathC_10ms,70.48,LOW,34.136,0.0,0
2026-08-21T13:14:36,PathC_10ms,70.48,VIP,34.23,0.0,1
2026-08-21T13:14:36,PathC_10ms,70.48,MEDIUM,34.186,0.0,0
2026-08-21T13:14:36,PathC_10ms,70.48,LOW,34.212,0.0,0
2026-08-21T13:14:37,PathC_10ms,70.48,VIP,34.608,0.0,1
2026-08-21T13:14:37,PathC_10ms,70.48,MEDIUM,34.69,0.0,0
2026-08-21T13:14:37,PathC_10ms,70.48,LOW,34.744,0.0,0
2026-08-21T13:14:38,PathC_10ms,69.11,VIP,35.519,0.0,1
2026-08-21T13:14:38,PathC_10ms,69.11,MEDIUM,35.362,0.0,0
2026-08-21T13:14:38,PathC_10ms,69.11,LOW,35.621,0.0,0
2026-08-21T13:14:39,PathC_10ms,65.35,VIP,34.197,0.0,1
2026-08-21T13:14:39,PathC_10ms,65.35,MEDIUM,34.203,0.0,0
2026-08-21T13:14:39,PathC_10ms,65.35,LOW,34.199,0.0,0
2026-08-21T13:14:40,PathC_10ms,65.35,VIP,34.174,0.0,1
2026-08-21T13:14:40,PathC_10ms,65.35,MEDIUM,34.223,0.0,0
2026-08-21T13:14:40,PathC_10ms,65.35,LOW,34.184,0.0,0
2026-08-21T13:14:41,PathC_10ms,65.35,VIP,34.182,0.0,1
2026-08-21T13:14:41,PathC_10ms,65.35,MEDIUM,34.138,0.0,0
2026-08-21T13:14:41,PathC_10ms,65.35,LOW,34.191,0.0,0
2026-08-21T13:14:42,PathC_10ms,71.59,VIP,34.194,0.0,1
2026-08-21T13:14:42,PathC_10ms,71.59,MEDIUM,34.189,0.0,0
2026-08-21T13:14:42,PathC_10ms,71.59,LOW,34.207,0.0,0
2026-08-21T13:14:42,PathC_10ms,71.59,VIP,34.228,0.0,1
2026-08-21T13:14:42,PathC_10ms,71.59,MEDIUM,34.228,0.0,0
2026-08-21T13:14:42,PathC_10ms,71.59,LOW,34.166,0.0,0
2026-08-21T13:14:43,PathC_10ms,71.59,VIP,34.171,0.0,1
2026-08-21T13:14:43,PathC_10ms,71.59,MEDIUM,34.248,0.0,0
2026-08-21T13:14:43,PathC_10ms,71.59,LOW,34.235,0.0,0
2026-08-21T13:14:44,PathC_10ms,71.59,VIP,34.677,0.0,1
2026-08-21T13:14:44,PathC_10ms,71.59,MEDIUM,34.487,0.0,0
2026-08-21T13:14:44,PathC_10ms,71.59,LOW,34.667,0.0,0
2026-08-21T13:14:45,PathC_10ms,71.59,VIP,35.938,0.0,1
2026-08-21T13:14:45,PathC_10ms,71.59,MEDIUM,36.346,0.0,0
2026-08-21T13:14:45,PathC_10ms,71.59,LOW,35.985,0.0,0
2026-08-21T13:14:46,PathC_10ms,72.36,VIP,34.925,0.0,1
2026-08-21T13:14:46,PathC_10ms,72.36,MEDIUM,34.942,0.0,0
2026-08-21T13:14:46,PathC_10ms,72.36,LOW,35.027,0.0,0
2026-08-21T13:14:47,PathC_10ms,49.91,VIP,34.162,0.0,1
2026-08-21T13:14:47,PathC_10ms,49.91,MEDIUM,34.153,0.0,0
2026-08-21T13:14:47,PathC_10ms,49.91,LOW,34.162,0.0,0
2026-08-21T13:14:48,PathC_10ms,49.91,VIP,34.158,0.0,1
2026-08-21T13:14:48,PathC_10ms,49.91,MEDIUM,34.181,0.0,0
2026-08-21T13:14:48,PathC_10ms,49.91,LOW,34.173,0.0,0
2026-08-21T13:14:49,PathC_10ms,49.91,VIP,34.167,0.0,1
2026-08-21T13:14:49,PathC_10ms,49.91,MEDIUM,34.166,0.0,0
2026-08-21T13:14:49,PathC_10ms,49.91,LOW,34.181,0.0,0
2026-08-21T13:14:50,PathC_10ms,49.91,VIP,34.344,0.0,1
2026-08-21T13:14:50,PathC_10ms,49.91,MEDIUM,34.408,0.0,0
2026-08-21T13:14:50,PathC_10ms,49.91,LOW,34.349,0.0,0
2026-08-21T13:14:51,PathC_10ms,49.91,VIP,34.548,0.0,1
2026-08-21T13:14:51,PathC_10ms,49.91,MEDIUM,34.553,0.0,0
2026-08-21T13:14:51,PathC_10ms,49.91,LOW,34.505,0.0,0
2026-08-21T13:14:51,PathC_10ms,49.91,VIP,35.911,0.0,1
2026-08-21T13:14:51,PathC_10ms,49.91,MEDIUM,35.909,0.0,0
2026-08-21T13:14:51,PathC_10ms,49.91,LOW,35.671,0.0,0
2026-08-21T13:14:52,PathC_10ms,57.59,VIP,36.091,0.0,1
2026-08-21T13:14:52,PathC_10ms,57.59,MEDIUM,36.058,0.0,0
2026-08-21T13:14:52,PathC_10ms,57.59,LOW,36.221,0.0,0
2026-08-21T13:14:53,PathC_10ms,51.73,VIP,34.632,0.0,1
2026-08-21T13:14:53,PathC_10ms,51.73,MEDIUM,34.782,0.0,0
2026-08-21T13:14:53,PathC_10ms,51.73,LOW,34.816,0.0,0
2026-08-21T13:14:54,PathC_10ms,51.73,VIP,34.212,0.0,1
2026-08-21T13:14:54,PathC_10ms,51.73,MEDIUM,34.228,0.0,0
2026-08-21T13:14:54,PathC_10ms,51.73,LOW,34.199,0.0,0
2026-08-21T13:14:55,PathC_10ms,51.73,VIP,34.2,0.0,1
2026-08-21T13:14:55,PathC_10ms,51.73,MEDIUM,34.174,0.0,0
2026-08-21T13:14:55,PathC_10ms,51.73,LOW,34.187,0.0,0
2026-08-21T13:14:56,PathC_10ms,51.73,VIP,35.383,0.0,1
2026-08-21T13:14:56,PathC_10ms,51.73,MEDIUM,35.212,0.0,0
2026-08-21T13:14:56,PathC_10ms,51.73,LOW,35.416,0.0,0
2026-08-21T13:14:57,PathC_10ms,54.94,VIP,35.438,0.0,1
2026-08-21T13:14:57,PathC_10ms,54.94,MEDIUM,35.59,0.0,0
2026-08-21T13:14:57,PathC_10ms,54.94,LOW,35.524,0.0,0
2026-08-21T13:14:58,PathC_10ms,49.86,VIP,34.175,0.0,1
2026-08-21T13:14:58,PathC_10ms,49.86,MEDIUM,34.153,0.0,0
2026-08-21T13:14:58,PathC_10ms,49.86,LOW,34.189,0.0,0
2026-08-21T13:14:59,PathC_10ms,49.86,VIP,34.139,0.0,1
2026-08-21T13:14:59,PathC_10ms,49.86,MEDIUM,34.186,0.0,0
2026-08-21T13:14:59,PathC_10ms,49.86,LOW,34.167,0.0,0
2026-08-21T13:15:00,PathC_10ms,49.86,VIP,34.205,0.0,1
2026-08-21T13:15:00,PathC_10ms,49.86,MEDIUM,34.218,0.0,0
2026-08-21T13:15:00,PathC_10ms,49.86,LOW,34.185,0.0,0
2026-08-21T13:15:01,PathC_10ms,49.86,VIP,34.225,0.0,1
2026-08-21T13:15:01,PathC_10ms,49.86,MEDIUM,34.604,0.0,0
2026-08-21T13:15:01,PathC_10ms,49.86,LOW,34.531,0.0,0
2026-08-21T13:15:01,PathC_10ms,49.86,VIP,35.792,0.0,1
2026-08-21T13:15:01,PathC_10ms,49.86,MEDIUM,36.68,0.0,0
2026-08-21T13:15:01,PathC_10ms,49.86,LOW,37.036,0.0,0
2026-08-21T13:15:02,PathC_10ms,48.91,VIP,35.922,0.0,1
2026-08-21T13:15:02,PathC_10ms,48.91,MEDIUM,35.943,0.0,0
2026-08-21T13:15:02,PathC_10ms,48.91,LOW,35.729,0.0,0
2026-08-21T13:15:03,PathC_10ms,51.72,VIP,34.227,0.0,1
2026-08-21T13:15:03,PathC_10ms,51.72,MEDIUM,34.22,0.0,0
2026-08-21T13:15:03,PathC_10ms,51.72,LOW,34.195,0.0,0
2026-08-21T13:15:04,PathC_10ms,51.72,VIP,34.176,0.0,1
2026-08-21T13:15:04,PathC_10ms,51.72,MEDIUM,34.205,0.0,0
2026-08-21T13:15:04,PathC_10ms,51.72,LOW,34.247,0.0,0
2026-08-21T13:15:05,PathC_10ms,51.72,VIP,34.3,0.0,1
2026-08-21T13:15:05,PathC_10ms,51.72,MEDIUM,34.281,0.0,0
2026-08-21T13:15:05,PathC_10ms,51.72,LOW,34.231,0.0,0
2026-08-21T13:15:06,PathC_10ms,51.72,VIP,34.161,0.0,1
2026-08-21T13:15:06,PathC_10ms,51.72,MEDIUM,34.14,0.0,0
2026-08-21T13:15:06,PathC_10ms,51.72,LOW,34.167,0.0,0
2026-08-21T13:15:07,PathC_10ms,51.72,VIP,34.982,0.0,1
2026-08-21T13:15:07,PathC_10ms,51.72,MEDIUM,34.841,0.0,0
2026-08-21T13:15:07,PathC_10ms,51.72,LOW,34.958,0.0,0
2026-08-21T13:15:08,PathC_10ms,51.72,VIP,34.53,0.0,1
2026-08-21T13:15:08,PathC_10ms,51.72,MEDIUM,34.516,0.0,0
2026-08-21T13:15:08,PathC_10ms,51.72,LOW,34.544,0.0,0
2026-08-21T13:15:09,PathC_10ms,51.72,VIP,36.28,0.0,1
2026-08-21T13:15:09,PathC_10ms,51.72,MEDIUM,36.006,0.0,0
2026-08-21T13:15:09,PathC_10ms,51.72,LOW,35.701,0.0,0
2026-08-21T13:15:10,PathC_10ms,61.5,VIP,35.792,0.0,1
2026-08-21T13:15:10,PathC_10ms,61.5,MEDIUM,35.741,0.0,0
2026-08-21T13:15:10,PathC_10ms,61.5,LOW,35.793,0.0,0
2026-08-21T13:15:10,PathC_10ms,61.5,VIP,34.166,0.0,1
2026-08-21T13:15:10,PathC_10ms,61.5,MEDIUM,34.187,0.0,0
2026-08-21T13:15:10,PathC_10ms,61.5,LOW,34.169,0.0,0
2026-08-21T13:15:11,PathC_10ms,61.5,VIP,34.188,0.0,1
2026-08-21T13:15:11,PathC_10ms,61.5,MEDIUM,34.184,0.0,0
2026-08-21T13:15:11,PathC_10ms,61.5,LOW,34.218,0.0,0
2026-08-21T13:15:12,PathC_10ms,61.5,VIP,34.183,0.0,1
2026-08-21T13:15:12,PathC_10ms,61.5,MEDIUM,34.17,0.0,0
2026-08-21T13:15:12,PathC_10ms,61.5,LOW,34.175,0.0,0
2026-08-21T13:15:13,PathC_10ms,61.5,VIP,34.207,0.0,1
2026-08-21T13:15:13,PathC_10ms,61.5,MEDIUM,34.196,0.0,0
2026-08-21T13:15:13,PathC_10ms,61.5,LOW,34.235,0.0,0
2026-08-21T13:15:14,PathC_10ms,61.5,VIP,34.187,0.0,1
2026-08-21T13:15:14,PathC_10ms,61.5,MEDIUM,34.148,0.0,0
2026-08-21T13:15:14,PathC_10ms,61.5,LOW,34.159,0.0,0
2026-08-21T13:15:15,PathC_10ms,61.5,VIP,34.17,0.0,1
2026-08-21T13:15:15,PathC_10ms,61.5,MEDIUM,34.409,0.0,0
2026-08-21T13:15:15,PathC_10ms,61.5,LOW,34.207,0.0,0
2026-08-21T13:15:16,PathC_10ms,61.5,VIP,35.63,0.0,1
2026-08-21T13:15:16,PathC_10ms,61.5,MEDIUM,35.54,0.0,0
2026-08-21T13:15:16,PathC_10ms,61.5,LOW,36.449,0.0,0
2026-08-21T13:15:17,PathC_10ms,59.14,VIP,34.198,0.0,1
2026-08-21T13:15:17,PathC_10ms,59.14,MEDIUM,34.178,0.0,0
2026-08-21T13:15:17,PathC_10ms,59.14,LOW,34.195,0.0,0
2026-08-21T13:15:18,PathC_10ms,60.24,VIP,34.366,0.0,1
2026-08-21T13:15:18,PathC_10ms,60.24,MEDIUM,34.397,0.0,0
2026-08-21T13:15:18,PathC_10ms,60.24,LOW,34.366,0.0,0
2026-08-21T13:15:19,PathC_10ms,60.24,VIP,34.2,0.0,1
2026-08-21T13:15:19,PathC_10ms,60.24,MEDIUM,34.216,0.0,0
2026-08-21T13:15:19,PathC_10ms,60.24,LOW,34.168,0.0,0
2026-08-21T13:15:20,PathC_10ms,60.24,VIP,34.183,0.0,1
2026-08-21T13:15:20,PathC_10ms,60.24,MEDIUM,34.155,0.0,0
2026-08-21T13:15:20,PathC_10ms,60.24,LOW,34.183,0.0,0
2026-08-21T13:15:20,PathC_10ms,60.24,VIP,34.172,0.0,1
2026-08-21T13:15:20,PathC_10ms,60.24,MEDIUM,34.164,0.0,0
2026-08-21T13:15:20,PathC_10ms,60.24,LOW,34.182,0.0,0
2026-08-21T13:15:21,PathC_10ms,40.79,VIP,34.172,0.0,1
2026-08-21T13:15:21,PathC_10ms,40.79,MEDIUM,34.247,0.0,0
2026-08-21T13:15:21,PathC_10ms,40.79,LOW,34.297,0.0,0
2026-08-21T13:15:22,PathC_10ms,40.79,VIP,34.193,0.0,1
2026-08-21T13:15:22,PathC_10ms,40.79,MEDIUM,34.158,0.0,0
2026-08-21T13:15:22,PathC_10ms,40.79,LOW,34.163,0.0,0
2026-08-21T13:15:23,PathC_10ms,40.49,VIP,34.196,0.0,1
2026-08-21T13:15:23,PathC_10ms,40.49,MEDIUM,34.205,0.0,0
2026-08-21T13:15:23,PathC_10ms,40.49,LOW,34.139,0.0,0
2026-08-21T13:15:24,PathC_10ms,40.49,VIP,34.188,0.0,1
2026-08-21T13:15:24,PathC_10ms,40.49,MEDIUM,34.196,0.0,0
2026-08-21T13:15:24,PathC_10ms,40.49,LOW,34.162,0.0,0
2026-08-21T13:15:25,PathC_10ms,40.49,VIP,34.204,0.0,1
2026-08-21T13:15:25,PathC_10ms,40.49,MEDIUM,34.16,0.0,0
2026-08-21T13:15:25,PathC_10ms,40.49,LOW,34.205,0.0,0
2026-08-21T13:15:26,PathC_10ms,40.49,VIP,34.777,0.0,1
2026-08-21T13:15:26,PathC_10ms,40.49,MEDIUM,34.796,0.0,0
2026-08-21T13:15:26,PathC_10ms,40.49,LOW,34.74,0.0,0
2026-08-21T13:15:27,PathC_10ms,40.49,VIP,35.61,0.0,1
2026-08-21T13:15:27,PathC_10ms,40.49,MEDIUM,35.758,0.0,0
2026-08-21T13:15:27,PathC_10ms,40.49,LOW,36.225,0.0,0
2026-08-21T13:15:28,PathC_10ms,47.97,VIP,36.104,0.0,1
2026-08-21T13:15:28,PathC_10ms,47.97,MEDIUM,37.17,0.0,0
2026-08-21T13:15:28,PathC_10ms,47.97,LOW,37.135,0.0,0
2026-08-21T13:15:29,PathC_10ms,50.34,VIP,34.187,0.0,1
2026-08-21T13:15:29,PathC_10ms,50.34,MEDIUM,34.184,0.0,0
2026-08-21T13:15:29,PathC_10ms,50.34,LOW,34.213,0.0,0
2026-08-21T13:15:29,PathC_10ms,50.34,VIP,34.173,0.0,1
2026-08-21T13:15:29,PathC_10ms,50.34,MEDIUM,34.183,0.0,0
2026-08-21T13:15:29,PathC_10ms,50.34,LOW,34.209,0.0,0
2026-08-21T13:15:30,PathC_10ms,50.34,VIP,34.526,0.0,1
2026-08-21T13:15:30,PathC_10ms,50.34,MEDIUM,34.524,0.0,0
2026-08-21T13:15:30,PathC_10ms,50.34,LOW,34.527,0.0,0
2026-08-21T13:15:31,PathC_10ms,50.34,VIP,34.144,0.0,1
2026-08-21T13:15:31,PathC_10ms,50.34,MEDIUM,34.175,0.0,0
2026-08-21T13:15:31,PathC_10ms,50.34,LOW,34.181,0.0,0
2026-08-21T13:15:32,PathC_10ms,50.34,VIP,34.127,0.0,1
2026-08-21T13:15:32,PathC_10ms,50.34,MEDIUM,34.117,0.0,0
2026-08-21T13:15:32,PathC_10ms,50.34,LOW,34.143,0.0,0
2026-08-21T13:15:33,PathC_10ms,47.91,VIP,35.053,0.0,1
2026-08-21T13:15:33,PathC_10ms,47.91,MEDIUM,35.194,0.0,0
2026-08-21T13:15:33,PathC_10ms,47.91,LOW,35.244,0.0,0
2026-08-21T13:15:34,PathC_10ms,47.91,VIP,35.079,0.0,1
2026-08-21T13:15:34,PathC_10ms,47.91,MEDIUM,35.08,0.0,0
2026-08-21T13:15:34,PathC_10ms,47.91,LOW,35.082,0.0,0
2026-08-21T13:15:35,PathC_10ms,40.77,VIP,34.192,0.0,1
2026-08-21T13:15:35,PathC_10ms,40.77,MEDIUM,34.167,0.0,0
2026-08-21T13:15:35,PathC_10ms,40.77,LOW,34.162,0.0,0
2026-08-21T13:15:36,PathC_10ms,40.77,VIP,34.16,0.0,1
2026-08-21T13:15:36,PathC_10ms,40.77,MEDIUM,34.177,0.0,0
2026-08-21T13:15:36,PathC_10ms,40.77,LOW,34.191,0.0,0
2026-08-21T13:15:37,PathC_10ms,40.77,VIP,34.168,0.0,1
2026-08-21T13:15:37,PathC_10ms,40.77,MEDIUM,34.194,0.0,0
2026-08-21T13:15:37,PathC_10ms,40.77,LOW,34.172,0.0,0
2026-08-21T13:15:38,PathC_10ms,40.77,VIP,34.703,0.0,1
2026-08-21T13:15:38,PathC_10ms,40.77,MEDIUM,34.735,0.0,0
2026-08-21T13:15:38,PathC_10ms,40.77,LOW,34.661,0.0,0
2026-08-21T13:15:39,PathC_10ms,40.77,VIP,36.077,0.0,1
2026-08-21T13:15:39,PathC_10ms,40.77,MEDIUM,36.344,0.0,0
2026-08-21T13:15:39,PathC_10ms,40.77,LOW,36.395,0.0,0
2026-08-21T13:15:39,PathC_10ms,39.02,VIP,35.117,0.0,1
2026-08-21T13:15:39,PathC_10ms,39.02,MEDIUM,35.135,0.0,0
2026-08-21T13:15:39,PathC_10ms,39.02,LOW,34.542,0.0,0
2026-08-21T13:15:40,PathC_10ms,43.89,VIP,34.323,0.0,1
2026-08-21T13:15:40,PathC_10ms,43.89,MEDIUM,34.342,0.0,0
2026-08-21T13:15:40,PathC_10ms,43.89,LOW,34.249,0.0,0
2026-08-21T13:15:41,PathC_10ms,43.89,VIP,34.199,0.0,1
2026-08-21T13:15:41,PathC_10ms,43.89,MEDIUM,34.209,0.0,0
2026-08-21T13:15:41,PathC_10ms,43.89,LOW,34.209,0.0,0
2026-08-21T13:15:42,PathC_10ms,43.89,VIP,34.193,0.0,1
2026-08-21T13:15:42,PathC_10ms,43.89,MEDIUM,34.194,0.0,0
2026-08-21T13:15:42,PathC_10ms,43.89,LOW,34.184,0.0,0
2026-08-21T13:15:43,PathC_10ms,43.89,VIP,34.317,0.0,1
2026-08-21T13:15:43,PathC_10ms,43.89,MEDIUM,34.242,0.0,0
2026-08-21T13:15:43,PathC_10ms,43.89,LOW,34.237,0.0,0
2026-08-21T13:15:44,PathC_10ms,43.89,VIP,34.213,0.0,1
2026-08-21T13:15:44,PathC_10ms,43.89,MEDIUM,34.217,0.0,0
2026-08-21T13:15:44,PathC_10ms,43.89,LOW,34.235,0.0,0
2026-08-21T13:15:45,PathC_10ms,42.7,VIP,34.161,0.0,1
2026-08-21T13:15:45,PathC_10ms,42.7,MEDIUM,34.203,0.0,0
2026-08-21T13:15:45,PathC_10ms,42.7,LOW,34.235,0.0,0
2026-08-21T13:15:46,PathC_10ms,42.7,VIP,34.645,0.0,1
2026-08-21T13:15:46,PathC_10ms,42.7,MEDIUM,34.477,0.0,0
2026-08-21T13:15:46,PathC_10ms,42.7,LOW,34.63,0.0,0
2026-08-21T13:15:47,PathC_10ms,42.7,VIP,34.396,0.0,1
2026-08-21T13:15:47,PathC_10ms,42.7,MEDIUM,34.192,0.0,0
2026-08-21T13:15:47,PathC_10ms,42.7,LOW,34.543,0.0,0
2026-08-21T13:15:48,PathC_10ms,46.28,VIP,34.245,0.0,1
2026-08-21T13:15:48,PathC_10ms,46.28,MEDIUM,34.253,0.0,0
2026-08-21T13:15:48,PathC_10ms,46.28,LOW,34.191,0.0,0
2026-08-21T13:15:48,PathC_10ms,46.28,VIP,34.215,0.0,1
2026-08-21T13:15:48,PathC_10ms,46.28,MEDIUM,34.183,0.0,0
2026-08-21T13:15:48,PathC_10ms,46.28,LOW,34.174,0.0,0
2026-08-21T13:15:49,PathC_10ms,46.28,VIP,34.193,0.0,1
2026-08-21T13:15:49,PathC_10ms,46.28,MEDIUM,34.175,0.0,0
2026-08-21T13:15:49,PathC_10ms,46.28,LOW,34.172,0.0,0
2026-08-21T13:15:50,PathC_10ms,46.28,VIP,34.358,0.0,1
2026-08-21T13:15:50,PathC_10ms,46.28,MEDIUM,34.339,0.0,0
2026-08-21T13:15:50,PathC_10ms,46.28,LOW,34.415,0.0,0
2026-08-21T13:15:51,PathC_10ms,44.1,VIP,34.866,0.0,1
2026-08-21T13:15:51,PathC_10ms,44.1,MEDIUM,35.1,0.0,0
2026-08-21T13:15:51,PathC_10ms,44.1,LOW,34.956,0.0,0
2026-08-21T13:15:52,PathC_10ms,44.1,VIP,34.147,0.0,1
2026-08-21T13:15:52,PathC_10ms,44.1,MEDIUM,34.164,0.0,0
2026-08-21T13:15:52,PathC_10ms,44.1,LOW,34.18,0.0,0
2026-08-21T13:15:53,PathC_10ms,50.2,VIP,34.17,0.0,1
2026-08-21T13:15:53,PathC_10ms,50.2,MEDIUM,34.149,0.0,0
2026-08-21T13:15:53,PathC_10ms,50.2,LOW,34.177,0.0,0
2026-08-21T13:15:54,PathC_10ms,50.2,VIP,34.321,0.0,1
2026-08-21T13:15:54,PathC_10ms,50.2,MEDIUM,34.315,0.0,0
2026-08-21T13:15:54,PathC_10ms,50.2,LOW,34.362,0.0,0
2026-08-21T13:15:55,PathC_10ms,50.2,VIP,34.214,0.0,1
2026-08-21T13:15:55,PathC_10ms,50.2,MEDIUM,34.19,0.0,0
2026-08-21T13:15:55,PathC_10ms,50.2,LOW,34.201,0.0,0
2026-08-21T13:15:56,PathC_10ms,50.79,VIP,34.376,0.0,1
2026-08-21T13:15:56,PathC_10ms,50.79,MEDIUM,34.292,0.0,0
2026-08-21T13:15:56,PathC_10ms,50.79,LOW,34.421,0.0,0
2026-08-21T13:15:57,PathC_10ms,50.79,VIP,34.211,0.0,1
2026-08-21T13:15:57,PathC_10ms,50.79,MEDIUM,34.176,0.0,0
2026-08-21T13:15:57,PathC_10ms,50.79,LOW,34.2,0.0,0
2026-08-21T13:15:58,PathC_10ms,50.79,VIP,34.172,0.0,1
2026-08-21T13:15:58,PathC_10ms,50.79,MEDIUM,34.181,0.0,0
2026-08-21T13:15:58,PathC_10ms,50.79,LOW,34.159,0.0,0
2026-08-21T13:15:58,PathC_10ms,50.79,VIP,36.755,0.0,1
2026-08-21T13:15:58,PathC_10ms,50.79,MEDIUM,36.683,0.0,0
2026-08-21T13:15:58,PathC_10ms,50.79,LOW,36.498,0.0,0
2026-08-21T13:15:59,PathC_10ms,50.79,VIP,35.049,0.0,1
2026-08-21T13:15:59,PathC_10ms,50.79,MEDIUM,34.998,0.0,0
2026-08-21T13:15:59,PathC_10ms,50.79,LOW,35.047,0.0,0
2026-08-21T13:16:00,PathC_10ms,48.05,VIP,34.346,0.0,1
2026-08-21T13:16:00,PathC_10ms,48.05,MEDIUM,34.295,0.0,0
2026-08-21T13:16:00,PathC_10ms,48.05,LOW,34.341,0.0,0
2026-08-21T13:16:01,PathC_10ms,48.05,VIP,34.279,0.0,1
2026-08-21T13:16:01,PathC_10ms,48.05,MEDIUM,34.218,0.0,0
2026-08-21T13:16:01,PathC_10ms,48.05,LOW,34.254,0.0,0
2026-08-21T13:16:02,PathC_10ms,48.05,VIP,34.174,0.0,1
2026-08-21T13:16:02,PathC_10ms,48.05,MEDIUM,34.143,0.0,0
2026-08-21T13:16:02,PathC_10ms,48.05,LOW,34.176,0.0,0
2026-08-21T13:16:03,PathC_10ms,48.05,VIP,34.642,0.0,1
2026-08-21T13:16:03,PathC_10ms,48.05,MEDIUM,34.611,0.0,0
2026-08-21T13:16:03,PathC_10ms,48.05,LOW,34.632,0.0,0
2026-08-21T13:16:04,PathC_10ms,48.05,VIP,34.205,0.0,1
2026-08-21T13:16:04,PathC_10ms,48.05,MEDIUM,34.191,0.0,0
2026-08-21T13:16:04,PathC_10ms,48.05,LOW,34.167,0.0,0
2026-08-21T13:16:05,PathC_10ms,56.43,VIP,35.463,0.0,1
2026-08-21T13:16:05,PathC_10ms,56.43,MEDIUM,34.73,0.0,0
2026-08-21T13:16:05,PathC_10ms,56.43,LOW,35.456,0.0,0
2026-08-21T13:16:06,PathC_10ms,56.43,VIP,34.172,0.0,1
2026-08-21T13:16:06,PathC_10ms,56.43,MEDIUM,34.16,0.0,0
2026-08-21T13:16:06,PathC_10ms,56.43,LOW,34.148,0.0,0
2026-08-21T13:16:07,PathC_10ms,63.57,VIP,34.166,0.0,1
2026-08-21T13:16:07,PathC_10ms,63.57,MEDIUM,34.165,0.0,0
2026-08-21T13:16:07,PathC_10ms,63.57,LOW,34.169,0.0,0
2026-08-21T13:16:07,PathC_10ms,63.57,VIP,34.17,0.0,1
2026-08-21T13:16:07,PathC_10ms,63.57,MEDIUM,34.161,0.0,0
2026-08-21T13:16:07,PathC_10ms,63.57,LOW,34.225,0.0,0
2026-08-21T13:16:08,PathC_10ms,63.57,VIP,34.187,0.0,1
2026-08-21T13:16:08,PathC_10ms,63.57,MEDIUM,34.177,0.0,0
2026-08-21T13:16:08,PathC_10ms,63.57,LOW,34.169,0.0,0
2026-08-21T13:16:09,PathC_10ms,63.57,VIP,34.307,0.0,1
2026-08-21T13:16:09,PathC_10ms,63.57,MEDIUM,34.274,0.0,0
2026-08-21T13:16:09,PathC_10ms,63.57,LOW,34.313,0.0,0
2026-08-21T13:16:10,PathC_10ms,51.35,VIP,34.223,0.0,1
2026-08-21T13:16:10,PathC_10ms,51.35,MEDIUM,34.238,0.0,0
2026-08-21T13:16:10,PathC_10ms,51.35,LOW,34.233,0.0,0
2026-08-21T13:16:11,PathC_10ms,43.1,VIP,34.185,0.0,1
2026-08-21T13:16:11,PathC_10ms,43.1,MEDIUM,34.164,0.0,0
2026-08-21T13:16:11,PathC_10ms,43.1,LOW,34.155,0.0,0
2026-08-21T13:16:12,PathC_10ms,43.1,VIP,34.202,0.0,1
2026-08-21T13:16:12,PathC_10ms,43.1,MEDIUM,34.195,0.0,0
2026-08-21T13:16:12,PathC_10ms,43.1,LOW,34.198,0.0,0
2026-08-21T13:16:13,PathC_10ms,43.1,VIP,34.155,0.0,1
2026-08-21T13:16:13,PathC_10ms,43.1,MEDIUM,34.17,0.0,0
2026-08-21T13:16:13,PathC_10ms,43.1,LOW,34.145,0.0,0
2026-08-21T13:16:14,PathC_10ms,43.1,VIP,34.198,0.0,1
2026-08-21T13:16:14,PathC_10ms,43.1,MEDIUM,34.226,0.0,0
2026-08-21T13:16:14,PathC_10ms,43.1,LOW,34.184,0.0,0
2026-08-21T13:16:15,PathC_10ms,50.03,VIP,34.179,0.0,1
2026-08-21T13:16:15,PathC_10ms,50.03,MEDIUM,34.175,0.0,0
2026-08-21T13:16:15,PathC_10ms,50.03,LOW,34.153,0.0,0
2026-08-21T13:16:16,PathC_10ms,50.03,VIP,34.37,0.0,1
2026-08-21T13:16:16,PathC_10ms,50.03,MEDIUM,34.409,0.0,0
2026-08-21T13:16:16,PathC_10ms,50.03,LOW,34.433,0.0,0
2026-08-21T13:16:17,PathC_10ms,50.03,VIP,34.184,0.0,1
2026-08-21T13:16:17,PathC_10ms,50.03,MEDIUM,34.184,0.0,0
2026-08-21T13:16:17,PathC_10ms,50.03,LOW,34.248,0.0,0
2026-08-21T13:16:17,PathC_10ms,56.73,VIP,34.155,0.0,1
2026-08-21T13:16:17,PathC_10ms,56.73,MEDIUM,34.147,0.0,0
2026-08-21T13:16:17,PathC_10ms,56.73,LOW,34.158,0.0,0
2026-08-21T13:16:18,PathC_10ms,56.73,VIP,34.192,0.0,1
2026-08-21T13:16:18,PathC_10ms,56.73,MEDIUM,34.183,0.0,0
2026-08-21T13:16:18,PathC_10ms,56.73,LOW,34.21,0.0,0
2026-08-21T13:16:19,PathC_10ms,56.73,VIP,34.158,0.0,1
2026-08-21T13:16:19,PathC_10ms,56.73,MEDIUM,34.162,0.0,0
2026-08-21T13:16:19,PathC_10ms,56.73,LOW,34.175,0.0,0
2026-08-21T13:16:20,PathC_10ms,56.73,VIP,34.234,0.0,1
2026-08-21T13:16:20,PathC_10ms,56.73,MEDIUM,34.162,0.0,0
2026-08-21T13:16:20,PathC_10ms,56.73,LOW,34.232,0.0,0
2026-08-21T13:16:21,PathC_10ms,56.73,VIP,34.113,0.0,1
2026-08-21T13:16:21,PathC_10ms,56.73,MEDIUM,34.117,0.0,0
2026-08-21T13:16:21,PathC_10ms,56.73,LOW,34.129,0.0,0
2026-08-21T13:16:22,PathC_10ms,56.73,VIP,34.159,0.0,1
2026-08-21T13:16:22,PathC_10ms,56.73,MEDIUM,34.176,0.0,0
2026-08-21T13:16:22,PathC_10ms,56.73,LOW,34.177,0.0,0
2026-08-21T13:16:23,PathC_10ms,48.96,VIP,34.159,0.0,1
2026-08-21T13:16:23,PathC_10ms,48.96,MEDIUM,34.141,0.0,0
2026-08-21T13:16:23,PathC_10ms,48.96,LOW,34.18,0.0,0
2026-08-21T13:16:24,PathC_10ms,48.96,VIP,34.194,0.0,1
2026-08-21T13:16:24,PathC_10ms,48.96,MEDIUM,34.158,0.0,0
2026-08-21T13:16:24,PathC_10ms,48.96,LOW,34.142,0.0,0
2026-08-21T13:16:25,PathC_10ms,48.96,VIP,34.162,0.0,1
2026-08-21T13:16:25,PathC_10ms,48.96,MEDIUM,34.17,0.0,0
2026-08-21T13:16:25,PathC_10ms,48.96,LOW,34.161,0.0,0
2026-08-21T13:16:26,PathC_10ms,47.62,VIP,34.226,0.0,1
2026-08-21T13:16:26,PathC_10ms,47.62,MEDIUM,34.254,0.0,0
2026-08-21T13:16:26,PathC_10ms,47.62,LOW,34.192,0.0,0
2026-08-21T13:16:26,PathC_10ms,47.62,VIP,34.389,0.0,1
2026-08-21T13:16:26,PathC_10ms,47.62,MEDIUM,34.32,0.0,0
2026-08-21T13:16:26,PathC_10ms,47.62,LOW,34.4,0.0,0
2026-08-21T13:16:27,PathC_10ms,47.62,VIP,34.161,0.0,1
2026-08-21T13:16:27,PathC_10ms,47.62,MEDIUM,34.217,0.0,0
2026-08-21T13:16:27,PathC_10ms,47.62,LOW,34.231,0.0,0
2026-08-21T13:16:28,PathC_10ms,47.62,VIP,35.343,0.0,1
2026-08-21T13:16:28,PathC_10ms,47.62,MEDIUM,35.038,0.0,0
2026-08-21T13:16:28,PathC_10ms,47.62,LOW,35.293,0.0,0
2026-08-21T13:16:29,PathC_10ms,47.62,VIP,36.453,0.0,1
2026-08-21T13:16:29,PathC_10ms,47.62,MEDIUM,35.425,0.0,0
2026-08-21T13:16:29,PathC_10ms,47.62,LOW,35.76,0.0,0
2026-08-21T13:16:30,PathC_10ms,53.3,VIP,35.232,0.0,1
2026-08-21T13:16:30,PathC_10ms,53.3,MEDIUM,35.15,0.0,0
2026-08-21T13:16:30,PathC_10ms,53.3,LOW,35.213,0.0,0
2026-08-21T13:16:31,PathC_10ms,50.2,VIP,34.16,0.0,1
2026-08-21T13:16:31,PathC_10ms,50.2,MEDIUM,34.209,0.0,0
2026-08-21T13:16:31,PathC_10ms,50.2,LOW,34.189,0.0,0
2026-08-21T13:16:32,PathC_10ms,50.2,VIP,34.245,0.0,1
2026-08-21T13:16:32,PathC_10ms,50.2,MEDIUM,34.206,0.0,0
2026-08-21T13:16:32,PathC_10ms,50.2,LOW,34.235,0.0,0
2026-08-21T13:16:33,PathC_10ms,50.2,VIP,34.175,0.0,1
2026-08-21T13:16:33,PathC_10ms,50.2,MEDIUM,34.223,0.0,0
2026-08-21T13:16:33,PathC_10ms,50.2,LOW,34.186,0.0,0
2026-08-21T13:16:34,PathC_10ms,50.2,VIP,34.193,0.0,1
2026-08-21T13:16:34,PathC_10ms,50.2,MEDIUM,34.149,0.0,0
2026-08-21T13:16:34,PathC_10ms,50.2,LOW,34.164,0.0,0
2026-08-21T13:16:35,PathC_10ms,50.2,VIP,35.279,0.0,1
2026-08-21T13:16:35,PathC_10ms,50.2,MEDIUM,35.281,0.0,0
2026-08-21T13:16:35,PathC_10ms,50.2,LOW,35.287,0.0,0
2026-08-21T13:16:36,PathC_10ms,44.51,VIP,34.683,0.0,1
2026-08-21T13:16:36,PathC_10ms,44.51,MEDIUM,34.962,0.0,0
2026-08-21T13:16:36,PathC_10ms,44.51,LOW,34.589,0.0,0
2026-08-21T13:16:36,PathC_10ms,44.51,VIP,34.202,0.0,1
2026-08-21T13:16:36,PathC_10ms,44.51,MEDIUM,34.21,0.0,0
2026-08-21T13:16:36,PathC_10ms,44.51,LOW,34.275,0.0,0
2026-08-21T13:16:37,PathC_10ms,44.51,VIP,34.153,0.0,1
2026-08-21T13:16:37,PathC_10ms,44.51,MEDIUM,34.162,0.0,0
2026-08-21T13:16:37,PathC_10ms,44.51,LOW,34.148,0.0,0
2026-08-21T13:16:38,PathC_10ms,48.74,VIP,34.148,0.0,1
2026-08-21T13:16:38,PathC_10ms,48.74,MEDIUM,34.147,0.0,0
2026-08-21T13:16:38,PathC_10ms,48.74,LOW,34.204,0.0,0
2026-08-21T13:16:39,PathC_10ms,48.74,VIP,34.164,0.0,1
2026-08-21T13:16:39,PathC_10ms,48.74,MEDIUM,34.18,0.0,0
2026-08-21T13:16:39,PathC_10ms,48.74,LOW,34.518,0.0,0
2026-08-21T13:16:40,PathC_10ms,48.74,VIP,38.706,0.0,1
2026-08-21T13:16:40,PathC_10ms,48.74,MEDIUM,38.537,0.0,0
2026-08-21T13:16:40,PathC_10ms,48.74,LOW,36.509,0.0,0
2026-08-21T13:16:41,PathC_10ms,52.33,VIP,36.255,0.0,1
2026-08-21T13:16:41,PathC_10ms,52.33,MEDIUM,36.204,0.0,0
2026-08-21T13:16:41,PathC_10ms,52.33,LOW,35.243,0.0,0
2026-08-21T13:16:42,PathC_10ms,50.53,VIP,34.193,0.0,1
2026-08-21T13:16:42,PathC_10ms,50.53,MEDIUM,34.195,0.0,0
2026-08-21T13:16:42,PathC_10ms,50.53,LOW,34.198,0.0,0
2026-08-21T13:16:43,PathC_10ms,50.53,VIP,34.693,0.0,1
2026-08-21T13:16:43,PathC_10ms,50.53,MEDIUM,34.692,0.0,0
2026-08-21T13:16:43,PathC_10ms,50.53,LOW,34.54,0.0,0
2026-08-21T13:16:44,PathC_10ms,50.53,VIP,34.288,0.0,1
2026-08-21T13:16:44,PathC_10ms,50.53,MEDIUM,34.954,0.0,0
2026-08-21T13:16:44,PathC_10ms,50.53,LOW,35.073,0.0,0
2026-08-21T13:16:45,PathC_10ms,50.53,VIP,34.197,0.0,1
2026-08-21T13:16:45,PathC_10ms,50.53,MEDIUM,34.218,0.0,0
2026-08-21T13:16:45,PathC_10ms,50.53,LOW,34.216,0.0,0
2026-08-21T13:16:45,PathC_10ms,50.53,VIP,34.175,0.0,1
2026-08-21T13:16:45,PathC_10ms,50.53,MEDIUM,34.172,0.0,0
2026-08-21T13:16:45,PathC_10ms,50.53,LOW,34.159,0.0,0
2026-08-21T13:16:46,PathC_10ms,48.7,VIP,36.98,0.0,1
2026-08-21T13:16:46,PathC_10ms,48.7,MEDIUM,35.939,0.0,0
2026-08-21T13:16:46,PathC_10ms,48.7,LOW,36.359,0.0,0
2026-08-21T13:16:47,PathC_10ms,48.7,VIP,34.173,0.0,1
2026-08-21T13:16:47,PathC_10ms,48.7,MEDIUM,34.169,0.0,0
2026-08-21T13:16:47,PathC_10ms,48.7,LOW,34.184,0.0,0
2026-08-21T13:16:48,PathC_10ms,45.8,VIP,34.166,0.0,1
2026-08-21T13:16:48,PathC_10ms,45.8,MEDIUM,34.171,0.0,0
2026-08-21T13:16:48,PathC_10ms,45.8,LOW,34.199,0.0,0
2026-08-21T13:16:49,PathC_10ms,45.8,VIP,34.162,0.0,1
2026-08-21T13:16:49,PathC_10ms,45.8,MEDIUM,34.169,0.0,0
2026-08-21T13:16:49,PathC_10ms,45.8,LOW,34.182,0.0,0
2026-08-21T13:16:50,PathC_10ms,45.8,VIP,35.409,0.0,1
2026-08-21T13:16:50,PathC_10ms,45.8,MEDIUM,35.398,0.0,0
2026-08-21T13:16:50,PathC_10ms,45.8,LOW,35.254,0.0,0
2026-08-21T13:16:51,PathC_10ms,45.8,VIP,34.768,0.0,1
2026-08-21T13:16:51,PathC_10ms,45.8,MEDIUM,34.734,0.0,0
2026-08-21T13:16:51,PathC_10ms,45.8,LOW,34.939,0.0,0
2026-08-21T13:16:52,PathC_10ms,45.8,VIP,39.662,0.0,1
2026-08-21T13:16:52,PathC_10ms,45.8,MEDIUM,39.407,0.0,0
2026-08-21T13:16:52,PathC_10ms,45.8,LOW,40.809,0.0,0
2026-08-21T13:16:53,PathC_10ms,58.12,VIP,35.184,0.0,1
2026-08-21T13:16:53,PathC_10ms,58.12,MEDIUM,35.217,0.0,0
2026-08-21T13:16:53,PathC_10ms,58.12,LOW,35.286,0.0,0
2026-08-21T13:16:54,PathC_10ms,58.12,VIP,34.23,0.0,1
2026-08-21T13:16:54,PathC_10ms,58.12,MEDIUM,34.232,0.0,0
2026-08-21T13:16:54,PathC_10ms,58.12,LOW,34.253,0.0,0
2026-08-21T13:16:55,PathC_10ms,58.12,VIP,34.204,0.0,1
2026-08-21T13:16:55,PathC_10ms,58.12,MEDIUM,34.194,0.0,0
2026-08-21T13:16:55,PathC_10ms,58.12,LOW,34.2,0.0,0
2026-08-21T13:16:55,PathC_10ms,58.12,VIP,34.204,0.0,1
2026-08-21T13:16:55,PathC_10ms,58.12,MEDIUM,34.209,0.0,0
2026-08-21T13:16:55,PathC_10ms,58.12,LOW,34.184,0.0,0
2026-08-21T13:16:56,PathC_10ms,58.12,VIP,34.138,0.0,1
2026-08-21T13:16:56,PathC_10ms,58.12,MEDIUM,34.159,0.0,0
2026-08-21T13:16:56,PathC_10ms,58.12,LOW,34.167,0.0,0
2026-08-21T13:16:57,PathC_10ms,58.12,VIP,34.989,0.0,1
2026-08-21T13:16:57,PathC_10ms,58.12,MEDIUM,35.116,0.0,0
2026-08-21T13:16:57,PathC_10ms,58.12,LOW,35.289,0.0,0
2026-08-21T13:16:58,PathC_10ms,52.44,VIP,34.284,0.0,1
2026-08-21T13:16:58,PathC_10ms,52.44,MEDIUM,34.309,0.0,0
2026-08-21T13:16:58,PathC_10ms,52.44,LOW,34.295,0.0,0
2026-08-21T13:16:59,PathC_10ms,52.44,VIP,34.171,0.0,1
2026-08-21T13:16:59,PathC_10ms,52.44,MEDIUM,34.188,0.0,0
2026-08-21T13:16:59,PathC_10ms,52.44,LOW,34.185,0.0,0
2026-08-21T13:17:00,PathC_10ms,52.47,VIP,34.291,0.0,1
2026-08-21T13:17:00,PathC_10ms,52.47,MEDIUM,34.273,0.0,0
2026-08-21T13:17:00,PathC_10ms,52.47,LOW,34.287,0.0,0
2026-08-21T13:17:01,PathC_10ms,52.47,VIP,34.2,0.0,1
2026-08-21T13:17:01,PathC_10ms,52.47,MEDIUM,34.186,0.0,0
2026-08-21T13:17:01,PathC_10ms,52.47,LOW,34.197,0.0,0
2026-08-21T13:17:02,PathC_10ms,52.47,VIP,34.768,0.0,1
2026-08-21T13:17:02,PathC_10ms,52.47,MEDIUM,34.744,0.0,0
2026-08-21T13:17:02,PathC_10ms,52.47,LOW,34.755,0.0,0
2026-08-21T13:17:03,PathC_10ms,56.61,VIP,34.206,0.0,1
2026-08-21T13:17:03,PathC_10ms,56.61,MEDIUM,34.207,0.0,0
2026-08-21T13:17:03,PathC_10ms,56.61,LOW,34.218,0.0,0
2026-08-21T13:17:04,PathC_10ms,56.61,VIP,34.188,0.0,1
2026-08-21T13:17:04,PathC_10ms,56.61,MEDIUM,34.173,0.0,0
2026-08-21T13:17:04,PathC_10ms,56.61,LOW,34.175,0.0,0
2026-08-21T13:17:05,PathC_10ms,56.61,VIP,34.222,0.0,1
2026-08-21T13:17:05,PathC_10ms,56.61,MEDIUM,34.207,0.0,0
2026-08-21T13:17:05,PathC_10ms,56.61,LOW,34.221,0.0,0
2026-08-21T13:17:05,PathC_10ms,56.61,VIP,34.21,0.0,1
2026-08-21T13:17:05,PathC_10ms,56.61,MEDIUM,34.182,0.0,0
2026-08-21T13:17:05,PathC_10ms,56.61,LOW,34.21,0.0,0
2026-08-21T13:17:06,PathC_10ms,56.61,VIP,34.213,0.0,1
2026-08-21T13:17:06,PathC_10ms,56.61,MEDIUM,34.27,0.0,0
2026-08-21T13:17:06,PathC_10ms,56.61,LOW,34.201,0.0,0
2026-08-21T13:17:07,PathC_10ms,47.66,VIP,34.165,0.0,1
2026-08-21T13:17:07,PathC_10ms,47.66,MEDIUM,34.158,0.0,0
2026-08-21T13:17:07,PathC_10ms,47.66,LOW,34.158,0.0,0
2026-08-21T13:17:08,PathC_10ms,47.66,VIP,34.133,0.0,1
2026-08-21T13:17:08,PathC_10ms,47.66,MEDIUM,34.148,0.0,0
2026-08-21T13:17:08,PathC_10ms,47.66,LOW,34.173,0.0,0
2026-08-21T13:17:09,PathC_10ms,47.66,VIP,34.206,0.0,1
2026-08-21T13:17:09,PathC_10ms,47.66,MEDIUM,34.727,0.0,0
2026-08-21T13:17:09,PathC_10ms,47.66,LOW,34.227,0.0,0
2026-08-21T13:17:10,PathC_10ms,52.9,VIP,35.002,0.0,1
2026-08-21T13:17:10,PathC_10ms,52.9,MEDIUM,34.981,0.0,0
2026-08-21T13:17:10,PathC_10ms,52.9,LOW,34.673,0.0,0
2026-08-21T13:17:11,PathC_10ms,52.9,VIP,35.695,0.0,1
2026-08-21T13:17:11,PathC_10ms,52.9,MEDIUM,35.691,0.0,0
2026-08-21T13:17:11,PathC_10ms,52.9,LOW,35.703,0.0,0
2026-08-21T13:17:12,PathC_10ms,52.9,VIP,34.164,0.0,1
2026-08-21T13:17:12,PathC_10ms,52.9,MEDIUM,34.167,0.0,0
2026-08-21T13:17:12,PathC_10ms,52.9,LOW,34.158,0.0,0
2026-08-21T13:17:13,PathC_10ms,52.9,VIP,38.2,0.0,1
2026-08-21T13:17:13,PathC_10ms,52.9,MEDIUM,39.99,0.0,0
2026-08-21T13:17:13,PathC_10ms,52.9,LOW,39.882,0.0,0
2026-08-21T13:17:14,PathC_10ms,52.9,VIP,35.768,0.0,1
2026-08-21T13:17:14,PathC_10ms,52.9,MEDIUM,35.632,0.0,0
2026-08-21T13:17:14,PathC_10ms,52.9,LOW,35.605,0.0,0
2026-08-21T13:17:14,PathC_10ms,52.48,VIP,35.05,0.0,1
2026-08-21T13:17:14,PathC_10ms,52.48,MEDIUM,35.051,0.0,0
2026-08-21T13:17:14,PathC_10ms,52.48,LOW,35.024,0.0,0
2026-08-21T13:17:15,PathC_10ms,52.48,VIP,34.166,0.0,1
2026-08-21T13:17:15,PathC_10ms,52.48,MEDIUM,34.198,0.0,0
2026-08-21T13:17:15,PathC_10ms,52.48,LOW,34.202,0.0,0
2026-08-21T13:17:16,PathC_10ms,52.48,VIP,34.184,0.0,1
2026-08-21T13:17:16,PathC_10ms,52.48,MEDIUM,34.182,0.0,0
2026-08-21T13:17:16,PathC_10ms,52.48,LOW,34.164,0.0,0
2026-08-21T13:17:17,PathC_10ms,52.48,VIP,34.127,0.0,1
2026-08-21T13:17:17,PathC_10ms,52.48,MEDIUM,34.118,0.0,0
2026-08-21T13:17:17,PathC_10ms,52.48,LOW,34.113,0.0,0
2026-08-21T13:17:18,PathC_10ms,52.48,VIP,34.175,0.0,1
2026-08-21T13:17:18,PathC_10ms,52.48,MEDIUM,34.188,0.0,0
2026-08-21T13:17:18,PathC_10ms,52.48,LOW,34.161,0.0,0
2026-08-21T13:17:19,PathC_10ms,49.05,VIP,34.23,0.0,1
2026-08-21T13:17:19,PathC_10ms,49.05,MEDIUM,34.245,0.0,0
2026-08-21T13:17:19,PathC_10ms,49.05,LOW,34.226,0.0,0
2026-08-21T13:17:20,PathC_10ms,49.05,VIP,34.165,0.0,1
2026-08-21T13:17:20,PathC_10ms,49.05,MEDIUM,34.176,0.0,0
2026-08-21T13:17:20,PathC_10ms,49.05,LOW,34.173,0.0,0
2026-08-21T13:17:21,PathC_10ms,49.05,VIP,34.148,0.0,1
2026-08-21T13:17:21,PathC_10ms,49.05,MEDIUM,34.151,0.0,0
2026-08-21T13:17:21,PathC_10ms,49.05,LOW,34.193,0.0,0
2026-08-21T13:17:22,PathC_10ms,49.05,VIP,34.199,0.0,1
2026-08-21T13:17:22,PathC_10ms,49.05,MEDIUM,34.216,0.0,0
2026-08-21T13:17:22,PathC_10ms,49.05,LOW,34.203,0.0,0
2026-08-21T13:17:23,PathC_10ms,45.52,VIP,34.178,0.0,1
2026-08-21T13:17:23,PathC_10ms,45.52,MEDIUM,34.153,0.0,0
2026-08-21T13:17:23,PathC_10ms,45.52,LOW,34.182,0.0,0
2026-08-21T13:17:24,PathC_10ms,45.52,VIP,34.174,0.0,1
2026-08-21T13:17:24,PathC_10ms,45.52,MEDIUM,34.169,0.0,0
2026-08-21T13:17:24,PathC_10ms,45.52,LOW,34.135,0.0,0
2026-08-21T13:17:24,PathC_10ms,45.52,VIP,35.758,0.0,1
2026-08-21T13:17:24,PathC_10ms,45.52,MEDIUM,36.283,0.0,0
2026-08-21T13:17:24,PathC_10ms,45.52,LOW,36.15,0.0,0
2026-08-21T13:17:25,PathC_10ms,45.52,VIP,39.259,0.0,1
2026-08-21T13:17:25,PathC_10ms,45.52,MEDIUM,39.206,0.0,0
2026-08-21T13:17:25,PathC_10ms,45.52,LOW,38.213,0.0,0
2026-08-21T13:17:26,PathC_10ms,44.18,VIP,35.583,0.0,1
2026-08-21T13:17:26,PathC_10ms,44.18,MEDIUM,35.583,0.0,0
2026-08-21T13:17:26,PathC_10ms,44.18,LOW,35.583,0.0,0
2026-08-21T13:17:27,PathC_10ms,44.18,VIP,34.169,0.0,1
2026-08-21T13:17:27,PathC_10ms,44.18,MEDIUM,34.181,0.0,0
2026-08-21T13:17:27,PathC_10ms,44.18,LOW,34.182,0.0,0
2026-08-21T13:17:28,PathC_10ms,44.18,VIP,34.209,0.0,1
2026-08-21T13:17:28,PathC_10ms,44.18,MEDIUM,34.212,0.0,0
2026-08-21T13:17:28,PathC_10ms,44.18,LOW,34.205,0.0,0
2026-08-21T13:17:29,PathC_10ms,44.18,VIP,34.161,0.0,1
2026-08-21T13:17:29,PathC_10ms,44.18,MEDIUM,34.16,0.0,0
2026-08-21T13:17:29,PathC_10ms,44.18,LOW,34.177,0.0,0
2026-08-21T13:17:30,PathC_10ms,44.18,VIP,34.182,0.0,1
2026-08-21T13:17:30,PathC_10ms,44.18,MEDIUM,34.141,0.0,0
2026-08-21T13:17:30,PathC_10ms,44.18,LOW,34.184,0.0,0
2026-08-21T13:17:31,PathC_10ms,44.95,VIP,34.876,0.0,1
2026-08-21T13:17:31,PathC_10ms,44.95,MEDIUM,34.858,0.0,0
2026-08-21T13:17:31,PathC_10ms,44.95,LOW,34.922,0.0,0
2026-08-21T13:17:32,PathC_10ms,44.95,VIP,34.197,0.0,1
2026-08-21T13:17:32,PathC_10ms,44.95,MEDIUM,34.213,0.0,0
2026-08-21T13:17:32,PathC_10ms,44.95,LOW,34.229,0.0,0
2026-08-21T13:17:33,PathC_10ms,44.95,VIP,34.207,0.0,1
2026-08-21T13:17:33,PathC_10ms,44.95,MEDIUM,34.187,0.0,0
2026-08-21T13:17:33,PathC_10ms,44.95,LOW,34.204,0.0,0
2026-08-21T13:17:34,PathC_10ms,46.76,VIP,34.168,0.0,1
2026-08-21T13:17:34,PathC_10ms,46.76,MEDIUM,34.165,0.0,0
2026-08-21T13:17:34,PathC_10ms,46.76,LOW,34.162,0.0,0
2026-08-21T13:17:34,PathC_10ms,46.76,VIP,34.168,0.0,1
2026-08-21T13:17:34,PathC_10ms,46.76,MEDIUM,34.147,0.0,0
2026-08-21T13:17:34,PathC_10ms,46.76,LOW,34.137,0.0,0
2026-08-21T13:17:35,PathC_10ms,46.76,VIP,34.151,0.0,1
2026-08-21T13:17:35,PathC_10ms,46.76,MEDIUM,34.151,0.0,0
2026-08-21T13:17:35,PathC_10ms,46.76,LOW,34.171,0.0,0
2026-08-21T13:17:36,PathC_10ms,54.84,VIP,34.186,0.0,1
2026-08-21T13:17:36,PathC_10ms,54.84,MEDIUM,34.167,0.0,0
2026-08-21T13:17:36,PathC_10ms,54.84,LOW,34.191,0.0,0
2026-08-21T13:17:37,PathC_10ms,54.84,VIP,34.147,0.0,1
2026-08-21T13:17:37,PathC_10ms,54.84,MEDIUM,34.169,0.0,0
2026-08-21T13:17:37,PathC_10ms,54.84,LOW,34.172,0.0,0
2026-08-21T13:17:38,PathC_10ms,54.84,VIP,34.137,0.0,1
2026-08-21T13:17:38,PathC_10ms,54.84,MEDIUM,34.151,0.0,0
2026-08-21T13:17:38,PathC_10ms,54.84,LOW,34.136,0.0,0
2026-08-21T13:17:39,PathC_10ms,54.8,VIP,35.02,0.0,1
2026-08-21T13:17:39,PathC_10ms,54.8,MEDIUM,35.035,0.0,0
2026-08-21T13:17:39,PathC_10ms,54.8,LOW,35.132,0.0,0
2026-08-21T13:17:40,PathC_10ms,54.8,VIP,35.146,0.0,1
2026-08-21T13:17:40,PathC_10ms,54.8,MEDIUM,35.149,0.0,0
2026-08-21T13:17:40,PathC_10ms,54.8,LOW,35.126,0.0,0
2026-08-21T13:17:41,PathC_10ms,54.8,VIP,34.126,0.0,1
2026-08-21T13:17:41,PathC_10ms,54.8,MEDIUM,34.137,0.0,0
2026-08-21T13:17:41,PathC_10ms,54.8,LOW,34.123,0.0,0
2026-08-21T13:17:42,PathC_10ms,46.99,VIP,34.172,0.0,1
2026-08-21T13:17:42,PathC_10ms,46.99,MEDIUM,34.153,0.0,0
2026-08-21T13:17:42,PathC_10ms,46.99,LOW,34.131,0.0,0
2026-08-21T13:17:43,PathC_10ms,46.99,VIP,34.208,0.0,1
2026-08-21T13:17:43,PathC_10ms,46.99,MEDIUM,34.225,0.0,0
2026-08-21T13:17:43,PathC_10ms,46.99,LOW,34.17,0.0,0
2026-08-21T13:17:43,PathC_10ms,46.99,VIP,34.523,0.0,1
2026-08-21T13:17:43,PathC_10ms,46.99,MEDIUM,34.511,0.0,0
2026-08-21T13:17:43,PathC_10ms,46.99,LOW,34.552,0.0,0
2026-08-21T13:17:44,PathC_10ms,46.99,VIP,34.167,0.0,1
2026-08-21T13:17:44,PathC_10ms,46.99,MEDIUM,34.23,0.0,0
2026-08-21T13:17:44,PathC_10ms,46.99,LOW,34.174,0.0,0
2026-08-21T13:17:45,PathC_10ms,46.99,VIP,36.36,0.0,1
2026-08-21T13:17:45,PathC_10ms,46.99,MEDIUM,37.383,0.0,0
2026-08-21T13:17:45,PathC_10ms,46.99,LOW,37.388,0.0,0
2026-08-21T13:17:46,PathC_10ms,51.6,VIP,36.146,0.0,1
2026-08-21T13:17:46,PathC_10ms,51.6,MEDIUM,36.029,0.0,0
2026-08-21T13:17:46,PathC_10ms,51.6,LOW,36.439,0.0,0
2026-08-21T13:17:47,PathC_10ms,56.8,VIP,34.189,0.0,1
2026-08-21T13:17:47,PathC_10ms,56.8,MEDIUM,34.168,0.0,0
2026-08-21T13:17:47,PathC_10ms,56.8,LOW,34.162,0.0,0
2026-08-21T13:17:48,PathC_10ms,56.8,VIP,34.935,0.0,1
2026-08-21T13:17:48,PathC_10ms,56.8,MEDIUM,34.923,0.0,0
2026-08-21T13:17:48,PathC_10ms,56.8,LOW,34.92,0.0,0
2026-08-21T13:17:49,PathC_10ms,56.8,VIP,34.185,0.0,1
2026-08-21T13:17:49,PathC_10ms,56.8,MEDIUM,34.152,0.0,0
2026-08-21T13:17:49,PathC_10ms,56.8,LOW,34.181,0.0,0
2026-08-21T13:17:50,PathC_10ms,56.8,VIP,34.174,0.0,1
2026-08-21T13:17:50,PathC_10ms,56.8,MEDIUM,34.201,0.0,0
2026-08-21T13:17:50,PathC_10ms,56.8,LOW,34.143,0.0,0
2026-08-21T13:17:51,PathC_10ms,56.8,VIP,39.169,0.0,1
2026-08-21T13:17:51,PathC_10ms,56.8,MEDIUM,40.207,0.0,0
2026-08-21T13:17:51,PathC_10ms,56.8,LOW,39.203,0.0,0
2026-08-21T13:17:52,PathC_10ms,54.14,VIP,36.336,0.0,1
2026-08-21T13:17:52,PathC_10ms,54.14,MEDIUM,36.42,0.0,0
2026-08-21T13:17:52,PathC_10ms,54.14,LOW,36.328,0.0,0
2026-08-21T13:17:53,PathC_10ms,56.42,VIP,35.274,0.0,1
2026-08-21T13:17:53,PathC_10ms,56.42,MEDIUM,35.296,0.0,0
2026-08-21T13:17:53,PathC_10ms,56.42,LOW,35.181,0.0,0
2026-08-21T13:17:53,PathC_10ms,56.42,VIP,34.192,0.0,1
2026-08-21T13:17:53,PathC_10ms,56.42,MEDIUM,34.19,0.0,0
2026-08-21T13:17:53,PathC_10ms,56.42,LOW,34.166,0.0,0
2026-08-21T13:17:54,PathC_10ms,56.42,VIP,34.222,0.0,1
2026-08-21T13:17:54,PathC_10ms,56.42,MEDIUM,34.219,0.0,0
2026-08-21T13:17:54,PathC_10ms,56.42,LOW,34.194,0.0,0
2026-08-21T13:17:55,PathC_10ms,56.42,VIP,34.261,0.0,1
2026-08-21T13:17:55,PathC_10ms,56.42,MEDIUM,34.259,0.0,0
2026-08-21T13:17:55,PathC_10ms,56.42,LOW,34.258,0.0,0
2026-08-21T13:17:56,PathC_10ms,56.42,VIP,34.164,0.0,1
2026-08-21T13:17:56,PathC_10ms,56.42,MEDIUM,34.165,0.0,0
2026-08-21T13:17:56,PathC_10ms,56.42,LOW,34.165,0.0,0
2026-08-21T13:17:57,PathC_10ms,56.42,VIP,35.299,0.0,1
2026-08-21T13:17:57,PathC_10ms,56.42,MEDIUM,35.232,0.0,0
2026-08-21T13:17:57,PathC_10ms,56.42,LOW,35.267,0.0,0
2026-08-21T13:17:58,PathC_10ms,60.99,VIP,34.3,0.0,1
2026-08-21T13:17:58,PathC_10ms,60.99,MEDIUM,34.306,0.0,0
2026-08-21T13:17:58,PathC_10ms,60.99,LOW,34.302,0.0,0
2026-08-21T13:17:59,PathC_10ms,60.99,VIP,34.13,0.0,1
2026-08-21T13:17:59,PathC_10ms,60.99,MEDIUM,34.146,0.0,0
2026-08-21T13:17:59,PathC_10ms,60.99,LOW,34.153,0.0,0
2026-08-21T13:18:00,PathC_10ms,60.52,VIP,34.173,0.0,1
2026-08-21T13:18:00,PathC_10ms,60.52,MEDIUM,34.176,0.0,0
2026-08-21T13:18:00,PathC_10ms,60.52,LOW,34.147,0.0,0
2026-08-21T13:18:01,PathC_10ms,60.52,VIP,34.135,0.0,1
2026-08-21T13:18:01,PathC_10ms,60.52,MEDIUM,34.17,0.0,0
2026-08-21T13:18:01,PathC_10ms,60.52,LOW,34.192,0.0,0
2026-08-21T13:18:02,PathC_10ms,60.52,VIP,34.151,0.0,1
2026-08-21T13:18:02,PathC_10ms,60.52,MEDIUM,34.162,0.0,0
2026-08-21T13:18:02,PathC_10ms,60.52,LOW,34.176,0.0,0
2026-08-21T13:18:02,PathC_10ms,51.35,VIP,34.18,0.0,1
2026-08-21T13:18:02,PathC_10ms,51.35,MEDIUM,34.145,0.0,0
2026-08-21T13:18:02,PathC_10ms,51.35,LOW,34.141,0.0,0
2026-08-21T13:18:03,PathC_10ms,51.35,VIP,34.179,0.0,1
2026-08-21T13:18:03,PathC_10ms,51.35,MEDIUM,34.223,0.0,0
2026-08-21T13:18:03,PathC_10ms,51.35,LOW,34.192,0.0,0
2026-08-21T13:18:04,PathC_10ms,51.35,VIP,34.194,0.0,1
2026-08-21T13:18:04,PathC_10ms,51.35,MEDIUM,34.186,0.0,0
2026-08-21T13:18:04,PathC_10ms,51.35,LOW,34.146,0.0,0
2026-08-21T13:18:05,PathC_10ms,51.35,VIP,34.148,0.0,1
2026-08-21T13:18:05,PathC_10ms,51.35,MEDIUM,34.17,0.0,0
2026-08-21T13:18:05,PathC_10ms,51.35,LOW,34.171,0.0,0
